keyword,카테고리,성별/나이,계절
초등쇼핑몰,교구>학습교구>자연/과학교구,주니어,사계절
숲체험,국내여행/체험>액티비티>체험,공용,봄/가을
숲체험,국내여행/체험>액티비티>체험,공용,봄/가을
갯벌체험,낚시>낚시의류/잡화>낚시장화,공용,봄/가을
학생운동화,남성신발>운동화>러닝화,공용,사계절
주니어농구화,농구>농구화,주니어,사계절
유아발레스타킹,댄스>댄스복,공용,사계절
어린이등산복,등산>등산의류>바지,공용,사계절
키즈등산화,등산>등산화,공용,사계절
어린이등산화,등산>등산화,여아,봄/가을
아동등산화,등산>등산화,여아,사계절
아기무릎보호대,매트/안전용품>무릎보호대,공용,사계절
유아무릎보호대,매트/안전용품>무릎보호대,공용,봄/가을
유아무릎보호대,매트/안전용품>무릎보호대,공용,사계절
돌아기무릎보호대,매트/안전용품>무릎보호대,공용,사계절
아기목욕가운,목욕용품>유아목욕가운,공용,사계절
아기샤워가운,목욕용품>유아목욕가운,공용,사계절
유아목욕가운,목욕용품>유아목욕가운,공용,사계절
어린이샤워가운,목욕용품>유아목욕가운,공용,사계절
유아샤워가운,목욕용품>유아목욕가운,공용,사계절
아기비치타올,목욕용품>유아목욕가운,공용,사계절
아기비치가운,목욕용품>유아목욕가운,공용,사계절
어린이목욕가운,목욕용품>유아목욕가운,공용,사계절
신생아목욕가운,목욕용품>유아목욕가운,베이비,사계절
유아비치가운,목욕용품>유아목욕가운,공용,사계절
어린이가운,목욕용품>유아목욕가운,공용,사계절
아기후드타올,목욕용품>유아목욕가운,공용,사계절
유아비치타올,목욕용품>유아목욕가운,공용,사계절
아기가운,목욕용품>유아목욕가운,공용,사계절
유아가운,목욕용품>유아목욕가운,공용,사계절
아동샤워가운,목욕용품>유아목욕가운,공용,사계절
어린이비치가운,목욕용품>유아목욕가운,공용,사계절
아동비치가운,목욕용품>유아목욕가운,공용,사계절
유아샤워타올,목욕용품>유아목욕장갑/스펀지,공용,사계절
아기목욕수건,목욕용품>유아목욕타월,공용,사계절
아기목욕타월,목욕용품>유아목욕타월,공용,사계절
아기목욕타올,목욕용품>유아목욕타월,공용,사계절
유아목욕타올,목욕용품>유아목욕타월,여아,사계절
아기타월,목욕용품>유아목욕타월,공용,사계절
아기수건,목욕용품>유아목욕타월,공용,사계절
유아수건,목욕용품>유아목욕타월,남아,사계절
초등학교입학선물,문구/사무용품>문구용품>문구세트,주니어,봄/가을
초등학교준비물,문구/사무용품>문구용품>문구세트,주니어,봄/가을
어린이집할로윈파티,문구/사무용품>이벤트/파티용품>데코용품,공용,할로윈
어린이집할로윈데이,문구/사무용품>이벤트/파티용품>데코용품,공용,할로윈
모기장옷,생활용품>생활잡화>모기장,공용,여름
입는모기장,생활용품>생활잡화>모기장,공용,여름
물놀이가방,수영>수영용품>수영가방,공용,여름
초등수영모자,수영>수영용품>수영모,주니어,사계절
초등학생수영모자,수영>수영용품>수영모,주니어,사계절
아동수영모자,수영>수영용품>수영모,공용,사계절
남아수영복,수영복/용품>남아수영복,남아,사계절
키즈래쉬가드,수영복/용품>남아수영복,공용,사계절
유아래쉬가드,수영복/용품>남아수영복,공용,사계절
남아래쉬가드,수영복/용품>남아수영복,남아,사계절
남아실내수영복,수영복/용품>남아수영복,남아,사계절
아동래쉬가드,수영복/용품>남아수영복,공용,사계절
어린이래쉬가드,수영복/용품>남아수영복,공용,사계절
초등남아수영복,수영복/용품>남아수영복,주니어,사계절
아동레쉬가드,수영복/용품>남아수영복,공용,사계절
남아수영복바지,수영복/용품>남아수영복,남아,사계절
남자아기수영복,수영복/용품>남아수영복,남아,사계절
남아래쉬가드세트,수영복/용품>남아수영복,남아,사계절
초등남아래쉬가드,수영복/용품>남아수영복,주니어,사계절
키즈레쉬가드,수영복/용품>남아수영복,공용,사계절
키즈래시가드,수영복/용품>남아수영복,공용,사계절
키즈워터레깅스,수영복/용품>남아수영복,공용,여름
유아래시가드,수영복/용품>남아수영복,공용,사계절
남자아이수영복,수영복/용품>남아수영복,남아,사계절
돌아기래쉬가드,수영복/용품>남아수영복,공용,사계절
남아수영복세트,수영복/용품>남아수영복,남아,사계절
주니어실내수영복,수영복/용품>남아수영복,주니어,사계절
초등학생래쉬가드,수영복/용품>남아수영복,주니어,사계절
남아래시가드,수영복/용품>남아수영복,남아,사계절
키즈래쉬가드세트,수영복/용품>남아수영복,공용,사계절
유아레쉬가드,수영복/용품>남아수영복,공용,사계절
남아레쉬가드,수영복/용품>남아수영복,남아,사계절
주니어래쉬가드세트,수영복/용품>남아수영복,주니어,사계절
아동래쉬가드세트,수영복/용품>남아수영복,공용,사계절
어린이레쉬가드,수영복/용품>남아수영복,공용,사계절
남자어린이수영복,수영복/용품>남아수영복,남아,사계절
키즈집업래쉬가드,수영복/용품>남아수영복,공용,사계절
주니어남아수영복,수영복/용품>남아수영복,주니어,사계절
주니어워터레깅스,수영복/용품>남아수영복,주니어,겨울
초등남아실내수영복,수영복/용품>남아수영복,주니어,사계절
키즈스윔수트,수영복/용품>남아수영복,남아,사계절
키즈수영복세트,수영복/용품>남아수영복,남아,사계절
남아전신수영복,수영복/용품>남아수영복,남아,사계절
남아집업래쉬가드,수영복/용품>남아수영복,남아,사계절
남아주니어수영복,수영복/용품>남아수영복,주니어,사계절
아기수영모자,수영복/용품>수경/수모/귀마개,공용,사계절
아기수영복,수영복/용품>여아수영복,여아,사계절
여아수영복,수영복/용품>여아수영복,여아,사계절
키즈수영복,수영복/용품>여아수영복,남아,사계절
유아수영복,수영복/용품>여아수영복,여아,사계절
아기래쉬가드,수영복/용품>여아수영복,공용,사계절
여아래쉬가드,수영복/용품>여아수영복,여아,사계절
어린이수영복,수영복/용품>여아수영복,남아,사계절
주니어수영복,수영복/용품>여아수영복,주니어,사계절
주니어래쉬가드,수영복/용품>여아수영복,주니어,사계절
초등여아수영복,수영복/용품>여아수영복,주니어,사계절
돌아기수영복,수영복/용품>여아수영복,여아,사계절
여아실내수영복,수영복/용품>여아수영복,여아,사계절
초등수영복,수영복/용품>여아수영복,주니어,사계절
아동수영복,수영복/용품>여아수영복,남아,사계절
6개월아기수영복,수영복/용품>여아수영복,여아,사계절
초등학생수영복,수영복/용품>여아수영복,주니어,사계절
초등여아래쉬가드,수영복/용품>여아수영복,주니어,사계절
초등래쉬가드,수영복/용품>여아수영복,주니어,사계절
키즈실내수영복,수영복/용품>여아수영복,여아,사계절
여아원피스수영복,수영복/용품>여아수영복,여아,사계절
베이비수영복,수영복/용품>여아수영복,여아,사계절
여아비키니,수영복/용품>여아수영복,여아,사계절
아기레쉬가드,수영복/용품>여아수영복,공용,사계절
어린이실내수영복,수영복/용품>여아수영복,여아,사계절
여아레쉬가드,수영복/용품>여아수영복,여아,사계절
아기비키니,수영복/용품>여아수영복,공용,사계절
초등여아실내수영복,수영복/용품>여아수영복,주니어,사계절
생존수영복,수영복/용품>여아수영복,공용,사계절
여아래쉬가드세트,수영복/용품>여아수영복,여아,사계절
여자아이수영복,수영복/용품>여아수영복,여아,사계절
유아실내수영복,수영복/용품>여아수영복,여아,사계절
여아래시가드,수영복/용품>여아수영복,여아,사계절
주니어래시가드,수영복/용품>여아수영복,주니어,사계절
아기래시가드,수영복/용품>여아수영복,공용,사계절
주니어레쉬가드,수영복/용품>여아수영복,주니어,사계절
어린이비키니,수영복/용품>여아수영복,공용,사계절
키즈원피스수영복,수영복/용품>여아수영복,여아,사계절
주니어수영모자,수영복/용품>여아수영복,주니어,사계절
초등레쉬가드,수영복/용품>여아수영복,주니어,사계절
아동실내수영복,수영복/용품>여아수영복,여아,사계절
주니어원피스수영복,수영복/용품>여아수영복,주니어,사계절
초등실내수영복,수영복/용품>여아수영복,주니어,사계절
주니어여아수영복,수영복/용품>여아수영복,주니어,사계절
쥬니어수영복,수영복/용품>여아수영복,여아,사계절
래쉬가드주니어,수영복/용품>여아수영복,주니어,사계절
여아워터레깅스,수영복/용품>여아수영복,여아,사계절
초등래쉬가드세트,수영복/용품>여아수영복,주니어,사계절
주니어집업래쉬가드,수영복/용품>여아수영복,주니어,사계절
어린이할로윈소품,수집품>코스튬플레이>소품,공용,할로윈
크리스마스망토,수집품>코스튬플레이>의상,공용,겨울
루돌프옷,수집품>코스튬플레이>의상,공용,사계절
산타코스튬,수집품>코스튬플레이>의상,여아,사계절
경찰코스프레,수집품>코스튬플레이>의상,공용,사계절
할로윈경찰코스튬,수집품>코스튬플레이>의상,공용,할로윈
할로윈경찰복,수집품>코스튬플레이>의상,공용,할로윈
초등학생할로윈코스튬,수집품>코스튬플레이>의상,주니어,할로윈
마리오코스튬,수집품>코스튬플레이>의상,공용,사계절
어린이할로윈분장,수집품>코스튬플레이>의상,공용,할로윈
백설공주코스튬,수집품>코스튬플레이>의상,공용,사계절
슈퍼마리오의상,수집품>코스튬플레이>의상,공용,사계절
어린이코스프레,수집품>코스튬플레이>의상,공용,사계절
공주코스튬,수집품>코스튬플레이>의상,공용,사계절
마법사옷,수집품>코스튬플레이>의상,공용,봄/가을
아기코스프레,수집품>코스튬플레이>의상,공용,사계절
어린이할로윈코스튬,수집품>코스튬플레이>의상,공용,할로윈
공주코스프레,수집품>코스튬플레이>의상,공용,사계절
백설공주코스프레,수집품>코스튬플레이>의상,공용,사계절
남아스키장갑,스키/보드>스키/보드방한용품>장갑,공용,사계절
유아스키부츠,스키/보드>스키장비>부츠,여아,사계절
아동스키부츠,스키/보드>스키장비>부츠,공용,봄/가을
아기로션,스킨/바디용품>유아로션,공용,사계절
유아로션,스킨/바디용품>유아로션,공용,사계절
키즈로션,스킨/바디용품>유아로션,공용,사계절
어린이로션,스킨/바디용품>유아로션,공용,사계절
베이비쇼핑몰,스킨/바디용품>유아로션,공용,사계절
아기쇼핑몰,스킨/바디용품>유아크림,공용,사계절
유아시계,시계>아동시계,공용,사계절
지비츠,신발용품>기타신발용품,공용,사계절
크록스지비츠,신발용품>기타신발용품,공용,사계절
지비츠세트,신발용품>기타신발용품,공용,사계절
크록스지비츠추천,신발용품>기타신발용품,공용,사계절
LED지비츠,신발용품>기타신발용품,공용,사계절
크록스꾸미기,신발용품>기타신발용품,공용,여름
겨울지비츠,신발용품>기타신발용품,여아,사계절
지비츠파는곳,신발용품>기타신발용품,공용,사계절
털깔창,신발용품>신발깔창,공용,사계절
유아손수건,신생아의류>가제손수건,공용,사계절
아기손수건,신생아의류>가제손수건,공용,겨울
아기옷,신생아의류>바디슈트/롬퍼,공용,사계절
신생아옷,신생아의류>바디슈트/롬퍼,베이비,사계절
아기옷브랜드,신생아의류>바디슈트/롬퍼,공용,사계절
신생아한복,신생아의류>바디슈트/롬퍼,베이비,사계절
아기크리스마스룩,신생아의류>바디슈트/롬퍼,공용,사계절
아기옷쇼핑몰,신생아의류>바디슈트/롬퍼,공용,사계절
6개월아기옷,신생아의류>바디슈트/롬퍼,공용,사계절
돌아기옷,신생아의류>바디슈트/롬퍼,공용,사계절
애기옷,신생아의류>바디슈트/롬퍼,공용,사계절
아기산타옷,신생아의류>바디슈트/롬퍼,공용,겨울
100일아기옷,신생아의류>바디슈트/롬퍼,공용,사계절
50일아기옷,신생아의류>바디슈트/롬퍼,공용,사계절
남자아기옷,신생아의류>바디슈트/롬퍼,남아,사계절
3개월아기옷,신생아의류>바디슈트/롬퍼,공용,사계절
아기롬퍼,신생아의류>바디슈트/롬퍼,공용,겨울
여자아기옷,신생아의류>바디슈트/롬퍼,여아,사계절
아기바디슈트,신생아의류>바디슈트/롬퍼,공용,사계절
백일아기옷,신생아의류>바디슈트/롬퍼,공용,사계절
베이비옷,신생아의류>바디슈트/롬퍼,공용,사계절
아기루돌프옷,신생아의류>바디슈트/롬퍼,공용,사계절
아기여름옷,신생아의류>바디슈트/롬퍼,공용,사계절
아기겨울옷,신생아의류>바디슈트/롬퍼,공용,겨울
남자아기옷브랜드,신생아의류>바디슈트/롬퍼,남아,사계절
아기옷세트,신생아의류>바디슈트/롬퍼,공용,사계절
100일아기외출복,신생아의류>바디슈트/롬퍼,공용,겨울
2개월아기옷,신생아의류>바디슈트/롬퍼,공용,사계절
아기백일옷,신생아의류>바디슈트/롬퍼,공용,사계절
아기크리스마스,신생아의류>바디슈트/롬퍼,공용,사계절
아기돌옷,신생아의류>바디슈트/롬퍼,공용,겨울
아기수트,신생아의류>바디슈트/롬퍼,공용,사계절
애기옷쇼핑몰,신생아의류>바디슈트/롬퍼,공용,사계절
돌아기외출복,신생아의류>바디슈트/롬퍼,공용,사계절
아가옷브랜드,신생아의류>바디슈트/롬퍼,공용,사계절
8개월아기옷,신생아의류>바디슈트/롬퍼,공용,겨울
돌아기옷브랜드,신생아의류>바디슈트/롬퍼,공용,사계절
7개월아기옷,신생아의류>바디슈트/롬퍼,공용,사계절
아기100일옷,신생아의류>바디슈트/롬퍼,공용,사계절
아기슈트,신생아의류>바디슈트/롬퍼,공용,사계절
남자돌아기옷,신생아의류>바디슈트/롬퍼,남아,사계절
12개월아기옷,신생아의류>바디슈트/롬퍼,공용,사계절
아기옷사이트,신생아의류>바디슈트/롬퍼,공용,사계절
신생아원피스,신생아의류>바디슈트/롬퍼,베이비,사계절
아기옷추천,신생아의류>바디슈트/롬퍼,공용,사계절
9개월아기옷,신생아의류>바디슈트/롬퍼,공용,사계절
신생아슈트,신생아의류>바디슈트/롬퍼,베이비,사계절
아기옷세일,신생아의류>바디슈트/롬퍼,공용,사계절
18개월아기옷,신생아의류>바디슈트/롬퍼,공용,사계절
200일아기옷,신생아의류>바디슈트/롬퍼,공용,사계절
여자아기옷쇼핑몰,신생아의류>바디슈트/롬퍼,여아,사계절
남자아기옷쇼핑몰,신생아의류>바디슈트/롬퍼,공용,사계절
겨울아기옷,신생아의류>바디슈트/롬퍼,공용,겨울
15개월아기옷,신생아의류>바디슈트/롬퍼,공용,사계절
돌의상,신생아의류>바디슈트/롬퍼,공용,사계절
신생아의류,신생아의류>바디슈트/롬퍼,베이비,사계절
유아바디슈트,신생아의류>바디슈트/롬퍼,공용,사계절
여자애기옷,신생아의류>바디슈트/롬퍼,공용,사계절
돌아기옷쇼핑몰,신생아의류>바디슈트/롬퍼,공용,사계절
백일아기외출복,신생아의류>바디슈트/롬퍼,공용,사계절
돌아기겨울옷,신생아의류>바디슈트/롬퍼,남아,사계절
베이비의류,신생아의류>바디슈트/롬퍼,공용,사계절
돌아기바디수트,신생아의류>바디슈트/롬퍼,공용,사계절
갓난아기옷,신생아의류>바디슈트/롬퍼,공용,사계절
돌전아기옷,신생아의류>바디슈트/롬퍼,공용,사계절
유아바디수트,신생아의류>바디슈트/롬퍼,공용,사계절
아기캐릭터옷,신생아의류>바디슈트/롬퍼,공용,사계절
예쁜아기옷,신생아의류>바디슈트/롬퍼,공용,사계절
유아슈트,신생아의류>바디슈트/롬퍼,공용,사계절
북유럽아기옷,신생아의류>바디슈트/롬퍼,공용,사계절
북유럽풍아기옷,신생아의류>바디슈트/롬퍼,공용,사계절
아기크리스마스옷,신생아의류>바디슈트/롬퍼,공용,사계절
아기옷당일배송,신생아의류>바디슈트/롬퍼,공용,겨울
돌옷,신생아의류>바디슈트/롬퍼,공용,겨울
50일아기외출복,신생아의류>바디슈트/롬퍼,공용,사계절
아기동물옷,신생아의류>바디슈트/롬퍼,공용,사계절
남자애기옷,신생아의류>바디슈트/롬퍼,공용,겨울
귀여운아기옷,신생아의류>바디슈트/롬퍼,공용,사계절
아기블루머,신생아의류>바디슈트/롬퍼,공용,사계절
여아바디수트,신생아의류>바디슈트/롬퍼,공용,겨울
크리스마스아기옷,신생아의류>바디슈트/롬퍼,공용,겨울
가을아기옷,신생아의류>바디슈트/롬퍼,공용,봄/가을
신생아세트,신생아의류>세트,베이비,사계절
여자아기모자,신생아의류>신생아모자/보닛,여아,사계절
아기패딩우주복,신생아의류>우주복,공용,겨울
아기겨울우주복,신생아의류>우주복,공용,겨울
애기우주복,신생아의류>우주복,공용,사계절
아기우주복패딩,신생아의류>우주복,공용,겨울
여아우주복,신생아의류>우주복,공용,겨울
유아우주복,신생아의류>우주복,공용,사계절
돌아기우주복,신생아의류>우주복,공용,사계절
아기곰돌이옷,신생아의류>우주복,여아,사계절
어린이집덧신,양말>여성양말>덧신,공용,사계절
미끄럼방지수면양말,양말>여성양말>수면양말,공용,사계절
크리스마스수면양말,양말>여성양말>수면양말,공용,겨울
초등에코백,여성가방>에코백,주니어,사계절
유아발레슈즈,여성신발>기능화>댄스화,공용,사계절
여아발레슈즈,여성신발>기능화>댄스화,여아,사계절
유아토슈즈,여성신발>기능화>댄스화,공용,사계절
반짝이운동화,여성신발>단화>스니커즈,여아,사계절
층간소음실내화,여성신발>실내화,공용,사계절
학교실내화,여성신발>실내화,공용,사계절
층간소음슬리퍼,여성신발>실내화,공용,사계절
어린이집실내화,여성신발>실내화,공용,사계절
층간소음방지슬리퍼,여성신발>실내화,공용,사계절
미끄럼방지실내화,여성신발>실내화,공용,사계절
EVA실내화,여성신발>실내화,공용,사계절
학생속옷,여성언더웨어/잠옷>브라팬티세트,주니어,사계절
실내복세트,여성언더웨어/잠옷>잠옷/홈웨어,주니어,사계절
기모실내복,여성언더웨어/잠옷>잠옷/홈웨어,주니어,사계절
학생팬티,여성언더웨어/잠옷>팬티,주니어,사계절
학생가디건,여성의류>니트>카디건,주니어,봄/가을
돌잔치원피스,여성의류>원피스,성인,사계절
돌잔치룩,여성의류>원피스,성인,사계절
유치원졸업가운,여성의류>유니폼/단체복,공용,겨울
돌잔치옷,여성의류>파티복,성인,사계절
왕자옷,여성의류>파티복,성인,봄/가을
돌잔치한복,여성의류>한복,성인,사계절
어린이날선물,완구/인형>미술놀이>색연필,공용,봄/가을
어린이의사가운,완구/인형>역할놀이/소꿉놀이>병원놀이,공용,사계절
유아의사가운,완구/인형>역할놀이/소꿉놀이>병원놀이,공용,사계절
역할놀이,완구/인형>역할놀이/소꿉놀이>주방놀이,공용,봄/가을
아기망토,외출용품>망토/워머,공용,겨울
미끄럼방지양말,요가/필라테스>기타요가용품,공용,사계절
키즈요가복,요가/필라테스>요가복>하의,공용,사계절
어린이욕실화,욕실용품>욕실화,공용,사계절
아기면마스크,위생/건강용품>유아마스크>면마스크,공용,사계절
유아면마스크,위생/건강용품>유아마스크>면마스크,공용,사계절
유아마스크,위생/건강용품>유아마스크>일회용마스크,공용,사계절
어린이마스크,위생/건강용품>유아마스크>일회용마스크,공용,사계절
아기마스크,위생/건강용품>유아마스크>일회용마스크,공용,사계절
키즈마스크,위생/건강용품>유아마스크>일회용마스크,공용,사계절
초등마스크,위생/건강용품>유아마스크>일회용마스크,주니어,사계절
초등학생마스크,위생/건강용품>유아마스크>일회용마스크,주니어,사계절
아동마스크,위생/건강용품>유아마스크>일회용마스크,공용,사계절
돌아기마스크,위생/건강용품>유아마스크>일회용마스크,공용,사계절
유아용마스크,위생/건강용품>유아마스크>일회용마스크,공용,사계절
여아마스크,위생/건강용품>유아마스크>일회용마스크,여아,사계절
주니어마스크,위생/건강용품>유아마스크>일회용마스크,주니어,사계절
5세마스크,위생/건강용품>유아마스크>일회용마스크,공용,겨울
영유아마스크,위생/건강용품>유아마스크>일회용마스크,공용,사계절
유치원마스크,위생/건강용품>유아마스크>일회용마스크,여아,겨울
6개월아기마스크,위생/건강용품>유아마스크>일회용마스크,공용,봄/가을
3살마스크,위생/건강용품>유아마스크>일회용마스크,남아,겨울
공룡마스크,위생/건강용품>유아마스크>일회용마스크,공용,사계절
어린이집마스크,위생/건강용품>유아마스크>일회용마스크,공용,사계절
아기내복,유아동언더웨어/잠옷>내의/내복,공용,사계절
아기실내복,유아동언더웨어/잠옷>내의/내복,공용,사계절
신생아내복,유아동언더웨어/잠옷>내의/내복,베이비,사계절
유아내복,유아동언더웨어/잠옷>내의/내복,공용,사계절
유아실내복,유아동언더웨어/잠옷>내의/내복,공용,사계절
어린이내복,유아동언더웨어/잠옷>내의/내복,공용,사계절
키즈내복,유아동언더웨어/잠옷>내의/내복,공용,사계절
아동내복,유아동언더웨어/잠옷>내의/내복,공용,사계절
아기내의,유아동언더웨어/잠옷>내의/내복,공용,사계절
아기겨울내복,유아동언더웨어/잠옷>내의/내복,공용,겨울
주니어내복,유아동언더웨어/잠옷>내의/내복,주니어,사계절
아기내복브랜드,유아동언더웨어/잠옷>내의/내복,공용,사계절
배앓이방지실내복,유아동언더웨어/잠옷>내의/내복,공용,사계절
배앓이방지내복,유아동언더웨어/잠옷>내의/내복,공용,사계절
신생아실내복,유아동언더웨어/잠옷>내의/내복,베이비,사계절
주니어실내복,유아동언더웨어/잠옷>내의/내복,주니어,사계절
키즈실내복,유아동언더웨어/잠옷>내의/내복,공용,사계절
유아내의,유아동언더웨어/잠옷>내의/내복,공용,사계절
여아내복,유아동언더웨어/잠옷>내의/내복,여아,사계절
키즈히트텍,유아동언더웨어/잠옷>내의/내복,공용,겨울
아동내의,유아동언더웨어/잠옷>내의/내복,공용,사계절
초등내복,유아동언더웨어/잠옷>내의/내복,주니어,사계절
아기히트텍,유아동언더웨어/잠옷>내의/내복,공용,겨울
겨울실내복,유아동언더웨어/잠옷>내의/내복,공용,겨울
아기겨울실내복,유아동언더웨어/잠옷>내의/내복,공용,겨울
아동실내복,유아동언더웨어/잠옷>내의/내복,공용,사계절
남아내복,유아동언더웨어/잠옷>내의/내복,남아,사계절
유아히트텍,유아동언더웨어/잠옷>내의/내복,공용,겨울
애기내복,유아동언더웨어/잠옷>내의/내복,공용,사계절
초등학생내복,유아동언더웨어/잠옷>내의/내복,주니어,사계절
유아겨울내복,유아동언더웨어/잠옷>내의/내복,공용,겨울
돌아기내복,유아동언더웨어/잠옷>내의/내복,공용,사계절
어린이실내복,유아동언더웨어/잠옷>내의/내복,공용,사계절
아기여름내복,유아동언더웨어/잠옷>내의/내복,공용,여름
히트텍키즈,유아동언더웨어/잠옷>내의/내복,공용,겨울
초등실내복,유아동언더웨어/잠옷>내의/내복,주니어,사계절
유아내복브랜드,유아동언더웨어/잠옷>내의/내복,공용,사계절
남자아기내복,유아동언더웨어/잠옷>내의/내복,남아,사계절
어린이내의,유아동언더웨어/잠옷>내의/내복,공용,사계절
북유럽아기내복,유아동언더웨어/잠옷>내의/내복,공용,사계절
아기내복바지,유아동언더웨어/잠옷>내의/내복,공용,사계절
키즈내의,유아동언더웨어/잠옷>내의/내복,공용,사계절
아동히트텍,유아동언더웨어/잠옷>내의/내복,공용,겨울
여아실내복,유아동언더웨어/잠옷>내의/내복,여아,사계절
주니어실내복세트,유아동언더웨어/잠옷>내의/내복,주니어,사계절
아이실내복,유아동언더웨어/잠옷>내의/내복,공용,겨울
유아가을실내복,유아동언더웨어/잠옷>내의/내복,여아,사계절
어린이히트텍,유아동언더웨어/잠옷>내의/내복,공용,겨울
주니어내의,유아동언더웨어/잠옷>내의/내복,주니어,사계절
주니어히트텍,유아동언더웨어/잠옷>내의/내복,주니어,겨울
남아실내복,유아동언더웨어/잠옷>내의/내복,남아,사계절
아기7부내복,유아동언더웨어/잠옷>내의/내복,공용,사계절
아기겨울내의,유아동언더웨어/잠옷>내의/내복,공용,겨울
초등학생실내복,유아동언더웨어/잠옷>내의/내복,주니어,사계절
여아내의,유아동언더웨어/잠옷>내의/내복,여아,사계절
키즈발열내의,유아동언더웨어/잠옷>내의/내복,공용,겨울
신생아여름내복,유아동언더웨어/잠옷>내의/내복,베이비,여름
초등남아내복,유아동언더웨어/잠옷>내의/내복,주니어,겨울
아기칠부내의,유아동언더웨어/잠옷>내의/내복,공용,겨울
주니어7부내의,유아동언더웨어/잠옷>내의/내복,주니어,겨울
남아내의,유아동언더웨어/잠옷>내의/내복,남아,사계절
베이비내복,유아동언더웨어/잠옷>내의/내복,공용,사계절
아기내복80,유아동언더웨어/잠옷>내의/내복,공용,사계절
6개월아기내복,유아동언더웨어/잠옷>내의/내복,공용,사계절
유아가을내복,유아동언더웨어/잠옷>내의/내복,공용,봄/가을
아기간절기내복,유아동언더웨어/잠옷>내의/내복,공용,봄/가을
베이비실내복,유아동언더웨어/잠옷>내의/내복,공용,사계절
영아내복,유아동언더웨어/잠옷>내의/내복,공용,사계절
초등내의,유아동언더웨어/잠옷>내의/내복,주니어,사계절
유아발열내의,유아동언더웨어/잠옷>내의/내복,공용,겨울
유아기모내복,유아동언더웨어/잠옷>내의/내복,공용,겨울
아동발열내의,유아동언더웨어/잠옷>내의/내복,공용,겨울
아동겨울내복,유아동언더웨어/잠옷>내의/내복,공용,겨울
7부실내복,유아동언더웨어/잠옷>내의/내복,공용,봄/가을
아기7부내의,유아동언더웨어/잠옷>내의/내복,공용,사계절
유아겨울내의,유아동언더웨어/잠옷>내의/내복,공용,봄/가을
주니어발열내의,유아동언더웨어/잠옷>내의/내복,주니어,겨울
아기7부실내복,유아동언더웨어/잠옷>내의/내복,공용,사계절
크리스마스실내복,유아동언더웨어/잠옷>내의/내복,공용,겨울
크리스마스내복,유아동언더웨어/잠옷>내의/내복,공용,겨울
유아7부내의,유아동언더웨어/잠옷>내의/내복,공용,사계절
아기가을내복,유아동언더웨어/잠옷>내의/내복,공용,겨울
아기가을실내복,유아동언더웨어/잠옷>내의/내복,공용,봄/가을
실내복,유아동언더웨어/잠옷>내의/내복,공용,사계절
여름실내복,유아동언더웨어/잠옷>내의/내복,공용,여름
봄실내복,유아동언더웨어/잠옷>내의/내복,공용,봄/가을
가을실내복,유아동언더웨어/잠옷>내의/내복,공용,봄/가을
여름실내복,유아동언더웨어/잠옷>내의/내복,공용,여름
아기나시,유아동언더웨어/잠옷>러닝,공용,여름
아기런닝,유아동언더웨어/잠옷>러닝,공용,사계절
주니어런닝,유아동언더웨어/잠옷>러닝,주니어,사계절
유아런닝,유아동언더웨어/잠옷>러닝,공용,사계절
여아런닝,유아동언더웨어/잠옷>러닝,여아,사계절
남아런닝,유아동언더웨어/잠옷>러닝,남아,사계절
어린이런닝,유아동언더웨어/잠옷>러닝,공용,사계절
아동런닝,유아동언더웨어/잠옷>러닝,공용,사계절
키즈런닝,유아동언더웨어/잠옷>러닝,공용,사계절
여아나시,유아동언더웨어/잠옷>러닝,여아,여름
주니어속옷,유아동언더웨어/잠옷>브라,주니어,사계절
초등학생브라,유아동언더웨어/잠옷>브라,주니어,사계절
초등학생속옷,유아동언더웨어/잠옷>브라,주니어,사계절
초등속옷,유아동언더웨어/잠옷>브라,주니어,사계절
여아속바지,유아동언더웨어/잠옷>속치마/속바지,여아,사계절
아기수면조끼,유아동언더웨어/잠옷>수면조끼,공용,겨울
수면조끼,유아동언더웨어/잠옷>수면조끼,공용,겨울
유아수면조끼,유아동언더웨어/잠옷>수면조끼,공용,겨울
아기수면잠옷,유아동언더웨어/잠옷>수면조끼,공용,겨울
어린이수면조끼,유아동언더웨어/잠옷>수면조끼,공용,겨울
키즈수면조끼,유아동언더웨어/잠옷>수면조끼,공용,겨울
주니어수면조끼,유아동언더웨어/잠옷>수면조끼,주니어,겨울
신생아잠옷,유아동언더웨어/잠옷>수면조끼,베이비,사계절
아동수면조끼,유아동언더웨어/잠옷>수면조끼,공용,겨울
여름수면조끼,유아동언더웨어/잠옷>수면조끼,공용,봄/가을
주니어잠옷,유아동언더웨어/잠옷>잠옷/홈웨어,주니어,사계절
아기잠옷,유아동언더웨어/잠옷>잠옷/홈웨어,공용,사계절
키즈잠옷,유아동언더웨어/잠옷>잠옷/홈웨어,공용,사계절
어린이잠옷,유아동언더웨어/잠옷>잠옷/홈웨어,공용,사계절
키즈파자마,유아동언더웨어/잠옷>잠옷/홈웨어,공용,사계절
유아잠옷,유아동언더웨어/잠옷>잠옷/홈웨어,공용,사계절
아동잠옷,유아동언더웨어/잠옷>잠옷/홈웨어,공용,사계절
아기파자마,유아동언더웨어/잠옷>잠옷/홈웨어,공용,사계절
유아파자마,유아동언더웨어/잠옷>잠옷/홈웨어,공용,사계절
여아잠옷,유아동언더웨어/잠옷>잠옷/홈웨어,여아,사계절
키즈수면잠옷,유아동언더웨어/잠옷>잠옷/홈웨어,공용,겨울
유아수면잠옷,유아동언더웨어/잠옷>잠옷/홈웨어,공용,겨울
주니어파자마,유아동언더웨어/잠옷>잠옷/홈웨어,주니어,사계절
어린이파자마,유아동언더웨어/잠옷>잠옷/홈웨어,공용,사계절
초등학생잠옷,유아동언더웨어/잠옷>잠옷/홈웨어,주니어,사계절
초등잠옷,유아동언더웨어/잠옷>잠옷/홈웨어,주니어,사계절
아동수면잠옷,유아동언더웨어/잠옷>잠옷/홈웨어,공용,겨울
여아파자마,유아동언더웨어/잠옷>잠옷/홈웨어,여아,사계절
아동파자마,유아동언더웨어/잠옷>잠옷/홈웨어,공용,사계절
어린이수면잠옷,유아동언더웨어/잠옷>잠옷/홈웨어,공용,사계절
남아잠옷,유아동언더웨어/잠옷>잠옷/홈웨어,남아,사계절
키즈로브,유아동언더웨어/잠옷>잠옷/홈웨어,공용,사계절
주니어수면잠옷,유아동언더웨어/잠옷>잠옷/홈웨어,주니어,사계절
초등여아잠옷,유아동언더웨어/잠옷>잠옷/홈웨어,주니어,사계절
남아파자마,유아동언더웨어/잠옷>잠옷/홈웨어,남아,사계절
유아극세사잠옷,유아동언더웨어/잠옷>잠옷/홈웨어,여아,사계절
초등파자마,유아동언더웨어/잠옷>잠옷/홈웨어,주니어,사계절
아이잠옷,유아동언더웨어/잠옷>잠옷/홈웨어,공용,사계절
여아공주잠옷,유아동언더웨어/잠옷>잠옷/홈웨어,여아,사계절
초등학생파자마파티,유아동언더웨어/잠옷>잠옷/홈웨어,주니어,봄/가을
초등파자마파티,유아동언더웨어/잠옷>잠옷/홈웨어,주니어,겨울
아동겨울잠옷,유아동언더웨어/잠옷>잠옷/홈웨어,공용,겨울
여아수면잠옷,유아동언더웨어/잠옷>잠옷/홈웨어,여아,겨울
여아원피스잠옷,유아동언더웨어/잠옷>잠옷/홈웨어,여아,사계절
주니어극세사잠옷,유아동언더웨어/잠옷>잠옷/홈웨어,주니어,겨울
돌아기잠옷,유아동언더웨어/잠옷>잠옷/홈웨어,공용,사계절
초등학생파자마,유아동언더웨어/잠옷>잠옷/홈웨어,주니어,사계절
주니어겨울잠옷,유아동언더웨어/잠옷>잠옷/홈웨어,주니어,겨울
어린이겨울잠옷,유아동언더웨어/잠옷>잠옷/홈웨어,공용,겨울
주니어홈웨어,유아동언더웨어/잠옷>잠옷/홈웨어,주니어,사계절
아동수면바지,유아동언더웨어/잠옷>잠옷/홈웨어,공용,사계절
애기잠옷,유아동언더웨어/잠옷>잠옷/홈웨어,공용,사계절
초등남아잠옷,유아동언더웨어/잠옷>잠옷/홈웨어,주니어,사계절
유아원피스잠옷,유아동언더웨어/잠옷>잠옷/홈웨어,여아,사계절
키즈겨울잠옷,유아동언더웨어/잠옷>잠옷/홈웨어,공용,겨울
주니어잠옷세트,유아동언더웨어/잠옷>잠옷/홈웨어,주니어,사계절
유아겨울잠옷,유아동언더웨어/잠옷>잠옷/홈웨어,공용,겨울
키즈홈웨어,유아동언더웨어/잠옷>잠옷/홈웨어,공용,사계절
여자아이잠옷,유아동언더웨어/잠옷>잠옷/홈웨어,여아,사계절
주니어잠옷바지,유아동언더웨어/잠옷>잠옷/홈웨어,주니어,사계절
주니어파자마세트,유아동언더웨어/잠옷>잠옷/홈웨어,주니어,사계절
아동원피스잠옷,유아동언더웨어/잠옷>잠옷/홈웨어,공용,봄/가을
아동기모잠옷,유아동언더웨어/잠옷>잠옷/홈웨어,공용,사계절
초등수면잠옷,유아동언더웨어/잠옷>잠옷/홈웨어,주니어,사계절
주니어기모잠옷,유아동언더웨어/잠옷>잠옷/홈웨어,주니어,겨울
아동잠옷바지,유아동언더웨어/잠옷>잠옷/홈웨어,공용,사계절
아동파자마바지,유아동언더웨어/잠옷>잠옷/홈웨어,공용,사계절
주니어여아잠옷,유아동언더웨어/잠옷>잠옷/홈웨어,주니어,사계절
아동홈웨어,유아동언더웨어/잠옷>잠옷/홈웨어,공용,사계절
유아여름잠옷,유아동언더웨어/잠옷>잠옷/홈웨어,공용,여름
남아팬티,유아동언더웨어/잠옷>팬티,남아,사계절
여아팬티,유아동언더웨어/잠옷>팬티,여아,사계절
유아팬티,유아동언더웨어/잠옷>팬티,공용,사계절
주니어팬티,유아동언더웨어/잠옷>팬티,주니어,사계절
아기팬티,유아동언더웨어/잠옷>팬티,공용,사계절
어린이팬티,유아동언더웨어/잠옷>팬티,공용,사계절
초등여아팬티,유아동언더웨어/잠옷>팬티,주니어,사계절
여아드로즈,유아동언더웨어/잠옷>팬티,여아,사계절
아동팬티,유아동언더웨어/잠옷>팬티,공용,사계절
아기첫팬티,유아동언더웨어/잠옷>팬티,공용,사계절
남아드로즈,유아동언더웨어/잠옷>팬티,남아,사계절
키즈팬티,유아동언더웨어/잠옷>팬티,공용,사계절
남자아기팬티,유아동언더웨어/잠옷>팬티,남아,사계절
주니어드로즈,유아동언더웨어/잠옷>팬티,주니어,사계절
초등남아팬티,유아동언더웨어/잠옷>팬티,주니어,사계절
여아사각팬티,유아동언더웨어/잠옷>팬티,여아,사계절
여아속옷,유아동언더웨어/잠옷>팬티,여아,사계절
남아사각팬티,유아동언더웨어/잠옷>팬티,남아,사계절
여자아기팬티,유아동언더웨어/잠옷>팬티,여아,사계절
초등학생팬티,유아동언더웨어/잠옷>팬티,주니어,사계절
주니어남아팬티,유아동언더웨어/잠옷>팬티,주니어,사계절
초등팬티,유아동언더웨어/잠옷>팬티,주니어,사계절
주니어여아팬티,유아동언더웨어/잠옷>팬티,주니어,사계절
유아팬티남아,유아동언더웨어/잠옷>팬티,남아,사계절
남아삼각팬티,유아동언더웨어/잠옷>팬티,남아,사계절
초등여아속옷,유아동언더웨어/잠옷>팬티,주니어,사계절
남자아이팬티,유아동언더웨어/잠옷>팬티,남아,사계절
남아속옷,유아동언더웨어/잠옷>팬티,남아,사계절
유아속옷,유아동언더웨어/잠옷>팬티,공용,사계절
어린이속옷,유아동언더웨어/잠옷>팬티,공용,사계절
키즈속옷,유아동언더웨어/잠옷>팬티,공용,사계절
여자아이팬티,유아동언더웨어/잠옷>팬티,여아,사계절
아동속옷,유아동언더웨어/잠옷>팬티,공용,사계절
유아사각팬티,유아동언더웨어/잠옷>팬티,공용,사계절
주니어사각팬티,유아동언더웨어/잠옷>팬티,주니어,사계절
주니어삼각팬티,유아동언더웨어/잠옷>팬티,주니어,사계절
아기속옷,유아동언더웨어/잠옷>팬티,공용,사계절
유아드로즈,유아동언더웨어/잠옷>팬티,공용,사계절
주니어면팬티,유아동언더웨어/잠옷>팬티,주니어,사계절
어린이사각팬티,유아동언더웨어/잠옷>팬티,공용,사계절
여아드로즈팬티,유아동언더웨어/잠옷>팬티,여아,사계절
아동사각팬티,유아동언더웨어/잠옷>팬티,공용,사계절
키즈드로즈,유아동언더웨어/잠옷>팬티,공용,사계절
아동드로즈,유아동언더웨어/잠옷>팬티,공용,사계절
공주드레스,유아동의류>공주드레스,여아,사계절
공주옷,유아동의류>공주드레스,공용,사계절
여아공주드레스,유아동의류>공주드레스,여아,사계절
백설공주드레스,유아동의류>공주드레스,여아,사계절
여아할로윈드레스,유아동의류>공주드레스,여아,할로윈
유아공주드레스,유아동의류>공주드레스,여아,사계절
디즈니공주드레스,유아동의류>공주드레스,여아,사계절
백설공주원피스,유아동의류>공주드레스,여아,사계절
겨울왕국드레스,유아동의류>공주드레스,여아,사계절
디즈니공주옷,유아동의류>공주드레스,공용,사계절
공주의상,유아동의류>공주드레스,공용,겨울
신데렐라원피스,유아동의류>공주드레스,공용,사계절
백설공주옷,유아동의류>공주드레스,공용,사계절
인어공주옷,유아동의류>공주드레스,공용,사계절
인어공주드레스,유아동의류>공주드레스,여아,사계절
공주님드레스,유아동의류>공주드레스,여아,사계절
백설공주의상,유아동의류>공주드레스,공용,사계절
아기니트,유아동의류>니트/스웨터,공용,봄/가을
키즈니트,유아동의류>니트/스웨터,공용,봄/가을
남아니트,유아동의류>니트/스웨터,남아,봄/가을
주니어니트,유아동의류>니트/스웨터,주니어,봄/가을
유아니트,유아동의류>니트/스웨터,공용,봄/가을
여아니트,유아동의류>니트/스웨터,여아,사계절
어린이니트,유아동의류>니트/스웨터,공용,사계절
아동니트,유아동의류>니트/스웨터,공용,사계절
키즈스웨터,유아동의류>니트/스웨터,공용,봄/가을
키즈발레,유아동의류>댄스복,공용,사계절
유아발레가디건,유아동의류>댄스복,공용,사계절
유아발레타이즈,유아동의류>댄스복,공용,사계절
어린이발레,유아동의류>댄스복,공용,사계절
유아발레티셔츠,유아동의류>댄스복,공용,사계절
여아드레스,유아동의류>드레스,여아,사계절
돌드레스,유아동의류>드레스,여아,사계절
화동드레스,유아동의류>드레스,공용,사계절
아기드레스,유아동의류>드레스,여아,사계절
아기돌드레스,유아동의류>드레스,여아,사계절
유아드레스,유아동의류>드레스,여아,사계절
백일드레스,유아동의류>드레스,공용,사계절
어린이드레스,유아동의류>드레스,여아,사계절
주니어드레스,유아동의류>드레스,주니어,사계절
돌아기드레스,유아동의류>드레스,여아,사계절
여아화동드레스,유아동의류>드레스,여아,사계절
여아연주회드레스,유아동의류>드레스,여아,사계절
키즈드레스,유아동의류>드레스,여아,사계절
아기돌잔치드레스,유아동의류>드레스,여아,사계절
여아돌드레스,유아동의류>드레스,여아,사계절
돌잔치아기드레스,유아동의류>드레스,여아,사계절
초등드레스,유아동의류>드레스,주니어,사계절
아동드레스,유아동의류>드레스,여아,사계절
초등콩쿨드레스,유아동의류>드레스,주니어,사계절
여아콩쿨드레스,유아동의류>드레스,여아,사계절
아기백일드레스,유아동의류>드레스,여아,사계절
초등학생드레스,유아동의류>드레스,주니어,사계절
여자아이드레스,유아동의류>드레스,여아,사계절
주니어콩쿨드레스,유아동의류>드레스,주니어,사계절
여아긴팔드레스,유아동의류>드레스,여아,사계절
화동원피스,유아동의류>드레스,여아,사계절
유아생일드레스,유아동의류>드레스,여아,사계절
여아파티드레스,유아동의류>드레스,여아,사계절
결혼식여아드레스,유아동의류>드레스,여아,사계절
여아블랙드레스,유아동의류>드레스,여아,사계절
주니어연주복,유아동의류>드레스,주니어,사계절
아동연주드레스,유아동의류>드레스,여아,사계절
아기레깅스,유아동의류>레깅스,공용,사계절
신생아레깅스,유아동의류>레깅스,베이비,사계절
여아기모레깅스,유아동의류>레깅스,여아,겨울
유아레깅스,유아동의류>레깅스,공용,봄/가을
유아기모레깅스,유아동의류>레깅스,공용,겨울
아기유발레깅스,유아동의류>레깅스,공용,사계절
아기기모레깅스,유아동의류>레깅스,공용,겨울
여아레깅스,유아동의류>레깅스,여아,봄/가을
키즈레깅스,유아동의류>레깅스,공용,사계절
키즈기모레깅스,유아동의류>레깅스,공용,겨울
유아제깅스,유아동의류>레깅스,공용,사계절
여아치마레깅스,유아동의류>레깅스,여아,사계절
여아치랭스,유아동의류>레깅스,여아,사계절
여아쫄바지,유아동의류>레깅스,여아,사계절
유아치마레깅스,유아동의류>레깅스,여아,사계절
아기쫄바지,유아동의류>레깅스,공용,사계절
아기밍크레깅스,유아동의류>레깅스,공용,겨울
신생아유발레깅스,유아동의류>레깅스,베이비,사계절
아기골지레깅스,유아동의류>레깅스,공용,사계절
초등기모레깅스,유아동의류>레깅스,주니어,겨울
어린이레깅스,유아동의류>레깅스,공용,사계절
주니어레깅스,유아동의류>레깅스,주니어,사계절
아동기모레깅스,유아동의류>레깅스,공용,겨울
남아레깅스,유아동의류>레깅스,남아,사계절
주니어기모레깅스,유아동의류>레깅스,주니어,겨울
키즈치마레깅스,유아동의류>레깅스,여아,사계절
아기치랭스,유아동의류>레깅스,공용,사계절
유아치렝스,유아동의류>레깅스,여아,사계절
여아기모치랭스,유아동의류>레깅스,여아,겨울
베이비레깅스,유아동의류>레깅스,공용,사계절
유아치랭스,유아동의류>레깅스,여아,사계절
아동레깅스,유아동의류>레깅스,공용,사계절
여아겨울레깅스,유아동의류>레깅스,여아,겨울
여아치렝스,유아동의류>레깅스,여아,사계절
돌아기레깅스,유아동의류>레깅스,공용,사계절
초등레깅스,유아동의류>레깅스,주니어,사계절
유아쫄바지,유아동의류>레깅스,공용,사계절
유아겨울레깅스,유아동의류>레깅스,공용,겨울
초등학생레깅스,유아동의류>레깅스,주니어,사계절
키즈치랭스,유아동의류>레깅스,여아,사계절
초등여아레깅스,유아동의류>레깅스,주니어,사계절
유아골지레깅스,유아동의류>레깅스,공용,사계절
주니어치마레깅스,유아동의류>레깅스,주니어,사계절
주니어치랭스,유아동의류>레깅스,주니어,사계절
아동치마레깅스,유아동의류>레깅스,여아,사계절
아기여름레깅스,유아동의류>레깅스,공용,여름
여아기모치마레깅스,유아동의류>레깅스,여아,겨울
돌아기우비,유아동의류>레인코트,공용,사계절
아기우비,유아동의류>레인코트,공용,사계절
어린이우비,유아동의류>레인코트,공용,사계절
유아우비,유아동의류>레인코트,공용,사계절
키즈우비,유아동의류>레인코트,공용,사계절
아동우비,유아동의류>레인코트,공용,사계절
여아우비,유아동의류>레인코트,여아,사계절
아기비옷,유아동의류>레인코트,공용,사계절
초등학생우비,유아동의류>레인코트,주니어,사계절
유아비옷,유아동의류>레인코트,공용,사계절
유아레인코트,유아동의류>레인코트,공용,사계절
주니어우비,유아동의류>레인코트,주니어,사계절
주니어배기팬츠,유아동의류>바지,주니어,사계절
아기배기팬츠,유아동의류>바지,공용,겨울
키즈기모바지,유아동의류>바지,공용,겨울
아기바지,유아동의류>바지,공용,사계절
아기멜빵바지,유아동의류>바지,공용,사계절
유아옷브랜드,유아동의류>바지,공용,사계절
유아복브랜드,유아동의류>바지,공용,사계절
주니어기모바지,유아동의류>바지,주니어,겨울
주니어바지,유아동의류>바지,주니어,사계절
아기슬랙스,유아동의류>바지,여아,겨울
유아패딩바지,유아동의류>바지,공용,겨울
초등남아바지,유아동의류>바지,주니어,사계절
유아바지,유아동의류>바지,공용,사계절
키즈바지,유아동의류>바지,공용,사계절
아기멜빵,유아동의류>바지,공용,사계절
여아기모바지,유아동의류>바지,여아,겨울
유아기모바지,유아동의류>바지,공용,겨울
여아바지,유아동의류>바지,여아,사계절
아기조거팬츠,유아동의류>바지,공용,사계절
남아바지,유아동의류>바지,남아,여름
아기기모바지,유아동의류>바지,공용,겨울
남아기모바지,유아동의류>바지,남아,겨울
아기겨울바지,유아동의류>바지,공용,겨울
주니어와이드팬츠,유아동의류>바지,주니어,사계절
아동기모바지,유아동의류>바지,공용,겨울
키즈조거팬츠,유아동의류>바지,공용,사계절
아동패딩바지,유아동의류>바지,공용,겨울
아동바지,유아동의류>바지,공용,사계절
유아멜빵바지,유아동의류>바지,공용,사계절
키즈오버롤,유아동의류>바지,공용,사계절
초등기모바지,유아동의류>바지,주니어,겨울
어린이기모바지,유아동의류>바지,공용,겨울
어린이바지,유아동의류>바지,공용,사계절
유아조거팬츠,유아동의류>바지,공용,사계절
키즈기모팬츠,유아동의류>바지,공용,겨울
키즈코듀로이팬츠,유아동의류>바지,공용,겨울
키즈반바지,유아동의류>바지,공용,여름
초등여아바지,유아동의류>바지,주니어,사계절
유아겨울바지,유아동의류>바지,공용,겨울
여아겨울바지,유아동의류>바지,여아,겨울
키즈와이드팬츠,유아동의류>바지,공용,사계절
초등학생바지,유아동의류>바지,주니어,사계절
주니어팬츠,유아동의류>바지,주니어,사계절
주니어반바지,유아동의류>바지,주니어,여름
유아몸빼바지,유아동의류>바지,공용,봄/가을
유아나팔바지,유아동의류>바지,공용,사계절
여아가을바지,유아동의류>바지,여아,사계절
아동배기바지,유아동의류>바지,남아,사계절
유아체크바지,유아동의류>바지,공용,사계절
아동체크바지,유아동의류>바지,공용,사계절
주니어체크바지,유아동의류>바지,주니어,사계절
여아통바지,유아동의류>바지,여아,사계절
유아골덴바지,유아동의류>바지,공용,겨울
아기반바지,유아동의류>바지,공용,여름
키즈골덴바지,유아동의류>바지,공용,겨울
키즈멜빵바지,유아동의류>바지,공용,사계절
아기청멜빵,유아동의류>바지,공용,사계절
주니어겨울바지,유아동의류>바지,주니어,겨울
키즈겨울바지,유아동의류>바지,공용,겨울
키즈팬츠,유아동의류>바지,공용,사계절
여아반바지,유아동의류>바지,여아,여름
주니어조거팬츠,유아동의류>바지,주니어,사계절
초등여아기모바지,유아동의류>바지,주니어,겨울
주니어기모팬츠,유아동의류>바지,주니어,겨울
아기몸빼바지,유아동의류>바지,공용,사계절
여아와이드팬츠,유아동의류>바지,여아,사계절
키즈슬랙스,유아동의류>바지,공용,사계절
남아겨울바지,유아동의류>바지,남아,겨울
여아멜빵바지,유아동의류>바지,여아,사계절
여아조거팬츠,유아동의류>바지,여아,사계절
남아정장바지,유아동의류>바지,남아,사계절
남아슬랙스,유아동의류>바지,남아,사계절
키즈라운지웨어,유아동의류>바지,공용,사계절
유아와이드팬츠,유아동의류>바지,공용,사계절
아동조거팬츠,유아동의류>바지,공용,사계절
남아조거팬츠,유아동의류>바지,남아,사계절
주니어슬랙스,유아동의류>바지,주니어,사계절
남아면바지,유아동의류>바지,남아,사계절
여아부츠컷,유아동의류>바지,여아,사계절
아동겨울바지,유아동의류>바지,공용,겨울
돌아기바지,유아동의류>바지,공용,사계절
키즈면바지,유아동의류>바지,공용,사계절
아기부츠컷,유아동의류>바지,공용,겨울
키즈카고바지,유아동의류>바지,공용,사계절
유아반바지,유아동의류>바지,공용,여름
여아팬츠,유아동의류>바지,여아,사계절
어린이멜빵바지,유아동의류>바지,공용,사계절
주니어골덴바지,유아동의류>바지,주니어,겨울
주니어카고바지,유아동의류>바지,주니어,사계절
남아팬츠,유아동의류>바지,남아,사계절
키즈트레이닝바지,유아동의류>바지,공용,사계절
주니어멜빵바지,유아동의류>바지,주니어,사계절
남아멜빵바지,유아동의류>바지,남아,사계절
남아골덴바지,유아동의류>바지,남아,겨울
유아팬츠,유아동의류>바지,공용,사계절
유아면바지,유아동의류>바지,공용,사계절
주니어면바지,유아동의류>바지,주니어,사계절
유아슬랙스,유아동의류>바지,공용,사계절
주니어부츠컷,유아동의류>바지,주니어,사계절
주니어여아바지,유아동의류>바지,주니어,사계절
아동멜빵바지,유아동의류>바지,공용,사계절
키즈부츠컷,유아동의류>바지,공용,사계절
아동골덴바지,유아동의류>바지,공용,겨울
키즈카고팬츠,유아동의류>바지,공용,사계절
주니어통바지,유아동의류>바지,주니어,사계절
어린이조거팬츠,유아동의류>바지,공용,사계절
아동와이드팬츠,유아동의류>바지,공용,사계절
초등멜빵바지,유아동의류>바지,주니어,사계절
아동면바지,유아동의류>바지,공용,사계절
아동슬랙스,유아동의류>바지,공용,사계절
유아냉장고바지,유아동의류>바지,공용,여름
주니어방수바지,유아동의류>바지,주니어,사계절
남아카고바지,유아동의류>바지,남아,사계절
아동트레이닝바지,유아동의류>바지,공용,사계절
여아면바지,유아동의류>바지,여아,사계절
유아배기바지,유아동의류>바지,공용,사계절
유아배기팬츠,유아동의류>바지,공용,사계절
주니어배기바지,유아동의류>바지,주니어,사계절
유아발레복,유아동의류>발레복,공용,사계절
여아발레복,유아동의류>발레복,여아,사계절
아기발레복,유아동의류>발레복,공용,사계절
어린이발레복,유아동의류>발레복,공용,사계절
남아발레복,유아동의류>발레복,남아,사계절
주니어발레복,유아동의류>발레복,주니어,사계절
키즈발레복,유아동의류>발레복,공용,사계절
초등발레복,유아동의류>발레복,주니어,사계절
아동발레복,유아동의류>발레복,공용,사계절
유아발레복세트,유아동의류>발레복,공용,사계절
유아발레복분리형,유아동의류>발레복,공용,사계절
유아레오타드,유아동의류>발레복,공용,사계절
겨울발레복,유아동의류>발레복,공용,겨울
유아긴팔발레복,유아동의류>발레복,공용,사계절
긴팔발레복,유아동의류>발레복,공용,봄/가을
여아발레복세트,유아동의류>발레복,여아,사계절
여아블라우스,유아동의류>블라우스,여아,사계절
아기블라우스,유아동의류>블라우스,공용,사계절
유아블라우스,유아동의류>블라우스,공용,사계절
키즈블라우스,유아동의류>블라우스,공용,사계절
여아흰색블라우스,유아동의류>블라우스,남아,사계절
주니어블라우스,유아동의류>블라우스,주니어,사계절
아동블라우스,유아동의류>블라우스,공용,사계절
초등블라우스,유아동의류>블라우스,주니어,사계절
아기상하복,유아동의류>상하세트,공용,사계절
남아옷,유아동의류>상하세트,남아,사계절
키즈상하복,유아동의류>상하세트,공용,사계절
어린이집등원룩,유아동의류>상하세트,공용,사계절
아기트레이닝복,유아동의류>상하세트,공용,사계절
남아트레이닝세트,유아동의류>상하세트,남아,사계절
유아상하복,유아동의류>상하세트,공용,사계절
어린이집활동복,유아동의류>상하세트,공용,사계절
아기추리닝,유아동의류>상하세트,공용,사계절
남아크리스마스옷,유아동의류>상하세트,공용,겨울
상하복,유아동의류>상하세트,공용,사계절
유아축구복,유아동의류>상하세트,공용,겨울
어린이집실내복,유아동의류>상하세트,공용,사계절
여아상하복,유아동의류>상하세트,여아,사계절
크리스마스유아옷,유아동의류>상하세트,공용,겨울
여자아동복,유아동의류>상하세트,여아,사계절
남자아동복,유아동의류>상하세트,남아,사계절
유아크리스마스룩,유아동의류>상하세트,공용,사계절
키즈가을옷,유아동의류>상하세트,공용,겨울
남아쇼핑몰,유아동의류>상하세트,남아,사계절
남자아이옷,유아동의류>상하세트,남아,사계절
어린이집복고데이,유아동의류>상하세트,공용,봄/가을
남아크리스마스룩,유아동의류>상하세트,남아,겨울
어린이집상하복,유아동의류>상하세트,공용,사계절
아기등원룩,유아동의류>상하세트,공용,사계절
두돌아기옷,유아동의류>상하세트,공용,사계절
아기맨투맨세트,유아동의류>상하세트,공용,사계절
여자아이옷,유아동의류>상하세트,여아,사계절
아기상하복세트,유아동의류>상하세트,공용,사계절
키즈셋업,유아동의류>상하세트,공용,사계절
남아상하복,유아동의류>상하세트,남아,사계절
어린이집등원복,유아동의류>상하세트,공용,사계절
아동복쇼핑몰순위,유아동의류>상하세트,공용,사계절
키즈기모상하복,유아동의류>상하세트,공용,겨울
주니어상하복,유아동의류>상하세트,주니어,사계절
유아상하복세트,유아동의류>상하세트,공용,사계절
유아교복,유아동의류>상하세트,공용,봄/가을
유아복고교복,유아동의류>상하세트,공용,봄/가을
남아옷브랜드,유아동의류>상하세트,남아,사계절
키즈상하세트,유아동의류>상하세트,공용,사계절
주니어스쿨룩,유아동의류>상하세트,주니어,사계절
유아기모상하복,유아동의류>상하세트,공용,겨울
여아상하세트,유아동의류>상하세트,여아,사계절
여아유아복,유아동의류>상하세트,여아,사계절
여자아기하객룩,유아동의류>상하세트,여아,사계절
아기등원복,유아동의류>상하세트,공용,사계절
유아동복,유아동의류>상하세트,공용,사계절
유치원등원룩,유아동의류>상하세트,공용,겨울
아동상하복,유아동의류>상하세트,공용,사계절
아기깔깔이,유아동의류>상하세트,공용,겨울
돌아기상하복,유아동의류>상하세트,공용,사계절
아이옷브랜드,유아동의류>상하세트,공용,사계절
여아투피스,유아동의류>상하세트,여아,사계절
남자유아복,유아동의류>상하세트,남아,사계절
유아상하세트,유아동의류>상하세트,공용,사계절
남자아이옷쇼핑몰,유아동의류>상하세트,남아,사계절
주니어상하세트,유아동의류>상하세트,주니어,사계절
유치원체육복,유아동의류>상하세트,공용,사계절
유아스쿨룩,유아동의류>상하세트,여아,사계절
주니어기모상하복,유아동의류>상하세트,주니어,겨울
초등상하복,유아동의류>상하세트,주니어,사계절
남아아동복,유아동의류>상하세트,남아,사계절
유아겨울옷,유아동의류>상하세트,공용,겨울
6세여아옷,유아동의류>상하세트,공용,겨울
24개월아기옷,유아동의류>상하세트,공용,사계절
키즈패션,유아동의류>상하세트,공용,사계절
남아상하세트,유아동의류>상하세트,남아,사계절
여아아동복,유아동의류>상하세트,여아,사계절
5세남아옷,유아동의류>상하세트,여아,사계절
남아크리스마스,유아동의류>상하세트,공용,사계절
여아등원룩,유아동의류>상하세트,공용,사계절
남자유아옷,유아동의류>상하세트,남아,사계절
2살아기옷,유아동의류>상하세트,공용,겨울
북유럽아동복,유아동의류>상하세트,공용,사계절
아동복사이트,유아동의류>상하세트,공용,사계절
여아상하복세트,유아동의류>상하세트,여아,사계절
아동기모상하복,유아동의류>상하세트,공용,겨울
상하복세트,유아동의류>상하세트,공용,사계절
유치원복,유아동의류>상하세트,공용,사계절
유아외출복,유아동의류>상하세트,공용,사계절
어린이교복,유아동의류>상하세트,공용,사계절
두돌옷,유아동의류>상하세트,여아,사계절
어린이상하복,유아동의류>상하세트,공용,사계절
초등학생상하복,유아동의류>상하세트,주니어,사계절
남자주니어의류,유아동의류>상하세트,주니어,사계절
아동복세트,유아동의류>상하세트,공용,사계절
남아의류,유아동의류>상하세트,남아,사계절
여자아이옷쇼핑몰,유아동의류>상하세트,여아,사계절
아기남매룩,유아동의류>상하세트,남아,사계절
유아깔깔이,유아동의류>상하세트,공용,겨울
돌쟁이옷,유아동의류>상하세트,여아,사계절
유치원활동복,유아동의류>상하세트,공용,겨울
베이비상하복,유아동의류>상하세트,공용,사계절
아기츄리닝,유아동의류>상하세트,공용,사계절
초등여아상하복,유아동의류>상하세트,주니어,사계절
남아동복,유아동의류>상하세트,남아,사계절
아기상하세트,유아동의류>상하세트,공용,사계절
키즈겨울옷,유아동의류>상하세트,공용,겨울
유아남매룩,유아동의류>상하세트,공용,사계절
키즈기모세트,유아동의류>상하세트,공용,봄/가을
아동깔깔이,유아동의류>상하세트,공용,겨울
키즈상하복세트,유아동의류>상하세트,공용,사계절
주니어투피스,유아동의류>상하세트,주니어,사계절
키즈세트,유아동의류>상하세트,공용,사계절
키즈맨투맨세트,유아동의류>상하세트,공용,사계절
주니어기모세트,유아동의류>상하세트,주니어,사계절
유아아동복,유아동의류>상하세트,공용,사계절
여자어린이옷,유아동의류>상하세트,여아,사계절
남자주니어옷,유아동의류>상하세트,주니어,사계절
3살옷,유아동의류>상하세트,공용,사계절
유아등원룩,유아동의류>상하세트,공용,사계절
6세옷,유아동의류>상하세트,공용,사계절
어린이집옷,유아동의류>상하세트,공용,사계절
유아교복,유아동의류>상하세트,공용,사계절
남아겨울옷,유아동의류>상하세트,남아,겨울
유아체육복,유아동의류>상하세트,공용,사계절
아이들옷,유아동의류>상하세트,공용,사계절
남자어린이옷,유아동의류>상하세트,남아,사계절
3세옷,유아동의류>상하세트,공용,겨울
주니어세트,유아동의류>상하세트,주니어,사계절
아동복15호,유아동의류>상하세트,여아,사계절
아동군복,유아동의류>상하세트,공용,겨울
아동상하세트,유아동의류>상하세트,공용,사계절
유아아노락,유아동의류>상하세트,공용,봄/가을
주니어상하복세트,유아동의류>상하세트,주니어,사계절
20개월아기옷,유아동의류>상하세트,공용,겨울
아기가을옷,유아동의류>상하세트,공용,봄/가을
초등학생스쿨룩,유아동의류>상하세트,주니어,사계절
여아세트,유아동의류>상하세트,여아,사계절
2살옷,유아동의류>상하세트,공용,겨울
어린이가을옷,유아동의류>상하세트,공용,사계절
초등상하세트,유아동의류>상하세트,주니어,사계절
키즈복,유아동의류>상하세트,공용,봄/가을
유아모기장옷,유아동의류>상하세트,공용,여름
아동가을옷,유아동의류>상하세트,여아,사계절
4살남아옷,유아동의류>상하세트,공용,겨울
3살남아옷,유아동의류>상하세트,공용,겨울
남아가을옷,유아동의류>상하세트,남아,사계절
유아가을옷,유아동의류>상하세트,공용,봄/가을
6세남아,유아동의류>상하세트,공용,겨울
유아김장룩,유아동의류>상하세트,공용,겨울
여름상하복,유아동의류>상하세트,공용,여름
아기셔츠,유아동의류>셔츠/남방,공용,사계절
남아셔츠,유아동의류>셔츠/남방,남아,사계절
키즈셔츠,유아동의류>셔츠/남방,공용,사계절
유아셔츠,유아동의류>셔츠/남방,공용,사계절
여아셔츠,유아동의류>셔츠/남방,여아,사계절
아동셔츠,유아동의류>셔츠/남방,공용,사계절
주니어셔츠,유아동의류>셔츠/남방,주니어,사계절
어린이셔츠,유아동의류>셔츠/남방,공용,사계절
키즈남방,유아동의류>셔츠/남방,공용,사계절
주니어남방,유아동의류>셔츠/남방,주니어,사계절
유아남방,유아동의류>셔츠/남방,공용,사계절
남아흰셔츠,유아동의류>셔츠/남방,공용,사계절
아기남방,유아동의류>셔츠/남방,공용,사계절
남아남방,유아동의류>셔츠/남방,남아,사계절
아동남방,유아동의류>셔츠/남방,공용,사계절
키즈청남방,유아동의류>셔츠/남방,공용,봄/가을
여아남방,유아동의류>셔츠/남방,여아,사계절
튜튜스커트,유아동의류>스커트,여아,사계절
여아샤스커트,유아동의류>스커트,여아,사계절
여아치마,유아동의류>스커트,여아,사계절
유아샤스커트,유아동의류>스커트,여아,사계절
유아치마,유아동의류>스커트,여아,사계절
여아스커트,유아동의류>스커트,여아,사계절
유아청치마,유아동의류>스커트,여아,사계절
여아치마바지,유아동의류>스커트,여아,사계절
어린이치마,유아동의류>스커트,여아,사계절
주니어치마,유아동의류>스커트,주니어,사계절
초등학생치마,유아동의류>스커트,주니어,사계절
키즈스커트,유아동의류>스커트,여아,사계절
여아청치마,유아동의류>스커트,여아,사계절
아기치마,유아동의류>스커트,여아,사계절
여아체크치마,유아동의류>스커트,여아,사계절
여아주름치마,유아동의류>스커트,여아,사계절
주니어체크치마,유아동의류>스커트,주니어,사계절
주니어테니스치마,유아동의류>스커트,주니어,사계절
키즈치마,유아동의류>스커트,여아,사계절
주니어스커트,유아동의류>스커트,주니어,사계절
유아스커트,유아동의류>스커트,여아,사계절
여아튜튜스커트,유아동의류>스커트,여아,사계절
여아주름스커트,유아동의류>스커트,여아,사계절
여아롱스커트,유아동의류>스커트,여아,사계절
아동샤스커트,유아동의류>스커트,여아,사계절
키즈샤스커트,유아동의류>스커트,공용,겨울
여아멜빵치마,유아동의류>스커트,여아,사계절
초등치마,유아동의류>스커트,주니어,사계절
키즈청치마,유아동의류>스커트,여아,사계절
주니어치마바지,유아동의류>스커트,주니어,사계절
아동치마,유아동의류>스커트,여아,사계절
유아멜빵치마,유아동의류>스커트,여아,사계절
여아체크스커트,유아동의류>스커트,공용,겨울
여아테니스치마,유아동의류>스커트,여아,사계절
주니어주름치마,유아동의류>스커트,주니어,사계절
공주치마,유아동의류>스커트,공용,사계절
여아겨울치마,유아동의류>스커트,여아,겨울
유아스키복,유아동의류>스키복,공용,겨울
키즈스키복,유아동의류>스키복,공용,겨울
어린이스키복,유아동의류>스키복,공용,겨울
아기스키복,유아동의류>스키복,공용,겨울
유아스키바지,유아동의류>스키복,공용,겨울
남아스키복,유아동의류>스키복,남아,겨울
여아스키바지,유아동의류>스키복,공용,겨울
키즈보드복,유아동의류>스키복,공용,겨울
주니어보드복,유아동의류>스키복,주니어,겨울
유아보드복,유아동의류>스키복,공용,겨울
유아방한복,유아동의류>스키복,공용,사계절
남아스키바지,유아동의류>스키복,남아,겨울
아동스키복,유아동의류>스키복,공용,겨울
유아스키점퍼,유아동의류>스키복,공용,겨울
여아스키복,유아동의류>스키복,여아,겨울
아동스키복세트,유아동의류>스키복,공용,사계절
스키복키즈,유아동의류>스키복,공용,사계절
유아썰매복,유아동의류>스키복,공용,겨울
여아스키복세트,유아동의류>스키복,여아,겨울
키즈스키복세트,유아동의류>스키복,공용,겨울
어린이보드복,유아동의류>스키복,공용,겨울
키즈스키복바지,유아동의류>스키복,공용,사계절
아동스키바지,유아동의류>스키복,공용,겨울
키즈스키바지,유아동의류>스키복,공용,겨울
여아원피스,유아동의류>원피스,여아,사계절
여아크리스마스옷,유아동의류>원피스,여아,여름
여아옷,유아동의류>원피스,여아,사계절
아기원피스,유아동의류>원피스,여아,사계절
유아원피스,유아동의류>원피스,여아,사계절
아기하객룩,유아동의류>원피스,여아,사계절
키즈원피스,유아동의류>원피스,여아,사계절
공주원피스,유아동의류>원피스,여아,사계절
돌아기원피스,유아동의류>원피스,여아,사계절
여아옷브랜드,유아동의류>원피스,여아,사계절
주니어원피스,유아동의류>원피스,주니어,사계절
유아크리스마스원피스,유아동의류>원피스,여아,겨울
여아하객룩,유아동의류>원피스,여아,사계절
여아겨울원피스,유아동의류>원피스,여아,겨울
여아크리스마스룩,유아동의류>원피스,공용,사계절
크리스마스아동복,유아동의류>원피스,공용,겨울
크리스마스여아옷,유아동의류>원피스,공용,봄/가을
여아쇼핑몰,유아동의류>원피스,여아,사계절
초등여아원피스,유아동의류>원피스,주니어,사계절
아동크리스마스옷,유아동의류>원피스,공용,봄/가을
여아공주원피스,유아동의류>원피스,여아,사계절
키즈크리스마스옷,유아동의류>원피스,공용,사계절
여아크리스마스의상,유아동의류>원피스,공용,겨울
여아샤원피스,유아동의류>원피스,여아,사계절
돌원피스,유아동의류>원피스,여아,사계절
여아생일드레스,유아동의류>원피스,여아,사계절
여아여름원피스,유아동의류>원피스,여아,여름
어린이원피스,유아동의류>원피스,여아,사계절
초등원피스,유아동의류>원피스,주니어,사계절
시크릿쥬쥬원피스,유아동의류>원피스,여아,사계절
아동원피스,유아동의류>원피스,여아,사계절
여아블랙원피스,유아동의류>원피스,여아,사계절
초등학생원피스,유아동의류>원피스,주니어,사계절
아기겨울원피스,유아동의류>원피스,여아,겨울
여아할로윈원피스,유아동의류>원피스,여아,할로윈
여아기모원피스,유아동의류>원피스,여아,겨울
여아브랜드,유아동의류>원피스,여아,사계절
7세여아옷,유아동의류>원피스,여아,사계절
백일원피스,유아동의류>원피스,여아,사계절
유아하객룩,유아동의류>원피스,공용,겨울
유아겨울원피스,유아동의류>원피스,여아,겨울
북유럽풍유아옷,유아동의류>원피스,공용,사계절
여아정장,유아동의류>원피스,여아,사계절
여아겨울옷,유아동의류>원피스,여아,겨울
여자아기원피스,유아동의류>원피스,여아,사계절
여아벨벳원피스,유아동의류>원피스,여아,겨울
유아공주원피스,유아동의류>원피스,여아,사계절
두돌아기원피스,유아동의류>원피스,여아,사계절
여아생일원피스,유아동의류>원피스,여아,사계절
여아니트원피스,유아동의류>원피스,공용,사계절
여아원피스브랜드,유아동의류>원피스,여아,사계절
여아드레스원피스,유아동의류>원피스,여아,사계절
아기공주옷,유아동의류>원피스,공용,사계절
아기공주드레스,유아동의류>원피스,여아,사계절
북유럽유아옷,유아동의류>원피스,공용,사계절
여아하객원피스,유아동의류>원피스,여아,사계절
유아기모원피스,유아동의류>원피스,여아,겨울
여아의류,유아동의류>원피스,여아,사계절
4살여아옷,유아동의류>원피스,공용,겨울
8세여아옷,유아동의류>원피스,남아,사계절
여아정장원피스,유아동의류>원피스,여아,사계절
베이비원피스,유아동의류>원피스,여아,사계절
3살여아옷,유아동의류>원피스,여아,사계절
북유럽여아원피스,유아동의류>원피스,여아,사계절
여아결혼식원피스,유아동의류>원피스,여아,사계절
여아레이스원피스,유아동의류>원피스,여아,사계절
여아화이트원피스,유아동의류>원피스,여아,사계절
7세원피스,유아동의류>원피스,여아,사계절
여자아이쇼핑몰,유아동의류>원피스,여아,사계절
4세여아옷,유아동의류>원피스,여아,사계절
피아노콩쿨원피스,유아동의류>원피스,공용,사계절
오즈키즈원피스,유아동의류>원피스,공용,사계절
여아체크원피스,유아동의류>원피스,공용,겨울
아기니트원피스,유아동의류>원피스,공용,사계절
아기돌원피스,유아동의류>원피스,여아,사계절
여아검정원피스,유아동의류>원피스,여아,사계절
여아청원피스,유아동의류>원피스,여아,사계절
여아베이지원피스,유아동의류>원피스,여아,사계절
6세원피스,유아동의류>원피스,여아,사계절
여아,유아동의류>원피스,공용,사계절
5세여아옷,유아동의류>원피스,여아,사계절
여자유아쇼핑몰,유아동의류>원피스,여아,사계절
키즈블랙원피스,유아동의류>원피스,여아,사계절
아기멜빵치마,유아동의류>원피스,여아,사계절
주니어블랙원피스,유아동의류>원피스,주니어,사계절
초등고학년원피스,유아동의류>원피스,주니어,사계절
여아흰색원피스,유아동의류>원피스,여아,사계절
여아데님원피스,유아동의류>원피스,공용,봄/가을
여아원피스쇼핑몰,유아동의류>원피스,여아,사계절
여아롱원피스,유아동의류>원피스,여아,사계절
여아카라원피스,유아동의류>원피스,여아,사계절
예쁜여아쇼핑몰,유아동의류>원피스,여아,사계절
여아빨간원피스,유아동의류>원피스,공용,겨울
유아크리스마스옷,유아동의류>원피스,공용,겨울
아기가을원피스,유아동의류>원피스,여아,봄/가을
주니어정장원피스,유아동의류>원피스,주니어,사계절
여아크리스마스원피스,유아동의류>원피스,여아,겨울
유아결혼식원피스,유아동의류>원피스,여아,사계절
여아가을옷,유아동의류>원피스,여아,봄/가을
여아동복,유아동의류>원피스,공용,사계절
유아가을원피스,유아동의류>원피스,여아,봄/가을
여아가을원피스,유아동의류>원피스,여아,봄/가을
유아공주옷,유아동의류>원피스,공용,사계절
7세여아,유아동의류>원피스,공용,겨울
여아봄원피스,유아동의류>원피스,여아,봄/가을
유니콘옷,유아동의류>원피스,여아,사계절
플리스키즈,유아동의류>재킷,공용,사계절
후리스키즈,유아동의류>재킷,공용,겨울
키즈후리스,유아동의류>재킷,공용,사계절
신생아점퍼,유아동의류>재킷,베이비,사계절
여아트위드자켓,유아동의류>재킷,공용,사계절
아동누빔자켓,유아동의류>재킷,공용,사계절
아기가죽자켓,유아동의류>재킷,남아,사계절
유아가죽자켓,유아동의류>재킷,공용,봄/가을
아동가죽자켓,유아동의류>재킷,공용,봄/가을
여아누빔자켓,유아동의류>재킷,여아,겨울
키즈바람막이,유아동의류>재킷,공용,봄/가을
여아야상,유아동의류>재킷,공용,겨울
유아바람막이,유아동의류>재킷,공용,봄/가을
키즈플리스,유아동의류>재킷,공용,겨울
유아후리스,유아동의류>재킷,공용,겨울
주니어후리스,유아동의류>재킷,주니어,사계절
여아바람막이,유아동의류>재킷,여아,봄/가을
주니어바람막이,유아동의류>재킷,주니어,봄/가을
아동후리스,유아동의류>재킷,공용,겨울
키즈플리스자켓,유아동의류>재킷,공용,겨울
키즈아노락,유아동의류>재킷,공용,봄/가을
키즈자켓,유아동의류>재킷,공용,봄/가을
남아자켓,유아동의류>재킷,남아,봄/가을
아동바람막이,유아동의류>재킷,공용,봄/가을
아기자켓,유아동의류>재킷,공용,봄/가을
어린이후리스,유아동의류>재킷,공용,겨울
여아자켓,유아동의류>재킷,여아,봄/가을
남아바람막이,유아동의류>재킷,남아,사계절
아기청자켓,유아동의류>재킷,공용,봄/가을
주니어자켓,유아동의류>재킷,주니어,봄/가을
키즈청자켓,유아동의류>재킷,공용,봄/가을
어린이바람막이,유아동의류>재킷,공용,사계절
남아후리스,유아동의류>재킷,남아,겨울
유아자켓,유아동의류>재킷,공용,봄/가을
초등바람막이,유아동의류>재킷,주니어,봄/가을
바람막이키즈,유아동의류>재킷,공용,봄/가을
어린이자켓,유아동의류>재킷,공용,사계절
유아청자켓,유아동의류>재킷,공용,봄/가을
유아플리스,유아동의류>재킷,공용,겨울
주니어플리스,유아동의류>재킷,주니어,사계절
아동자켓,유아동의류>재킷,공용,봄/가을
여아청자켓,유아동의류>재킷,여아,봄/가을
초등학생바람막이,유아동의류>재킷,주니어,봄/가을
남아청자켓,유아동의류>재킷,남아,봄/가을
아동플리스,유아동의류>재킷,공용,겨울
주니어가죽자켓,유아동의류>재킷,주니어,봄/가을
어린이청자켓,유아동의류>재킷,공용,봄/가을
주니어청자켓,유아동의류>재킷,주니어,봄/가을
아동플리스자켓,유아동의류>재킷,공용,겨울
아동청자켓,유아동의류>재킷,공용,봄/가을
아동아노락,유아동의류>재킷,공용,봄/가을
키즈라이더자켓,유아동의류>재킷,공용,겨울
키즈누빔자켓,유아동의류>재킷,공용,겨울
초등여아바람막이,유아동의류>재킷,주니어,봄/가을
키즈패딩,유아동의류>점퍼,공용,겨울
키즈롱패딩,유아동의류>점퍼,공용,겨울
키즈양털후리스,유아동의류>점퍼,공용,겨울
돌아기후리스,유아동의류>점퍼,공용,사계절
아이후리스,유아동의류>점퍼,공용,겨울
아기패딩,유아동의류>점퍼,공용,겨울
여아패딩,유아동의류>점퍼,여아,겨울
아동복,유아동의류>점퍼,공용,사계절
유아패딩,유아동의류>점퍼,공용,겨울
아동집업,유아동의류>점퍼,공용,겨울
여아롱패딩,유아동의류>점퍼,여아,겨울
키즈옷,유아동의류>점퍼,공용,사계절
유아옷,유아동의류>점퍼,공용,사계절
주니어패딩,유아동의류>점퍼,주니어,겨울
키즈경량패딩,유아동의류>점퍼,공용,겨울
여자아기패딩,유아동의류>점퍼,공용,사계절
아기오리털패딩,유아동의류>점퍼,공용,사계절
두돌패딩,유아동의류>점퍼,남아,사계절
유아겨울패딩,유아동의류>점퍼,공용,겨울
영아패딩,유아동의류>점퍼,공용,겨울
3세패딩,유아동의류>점퍼,공용,겨울
키즈구스패딩,유아동의류>점퍼,공용,겨울
어린이패딩,유아동의류>점퍼,공용,겨울
키즈숏패딩,유아동의류>점퍼,공용,겨울
남아패딩,유아동의류>점퍼,남아,겨울
키즈구스다운,유아동의류>점퍼,공용,겨울
아동패딩,유아동의류>점퍼,공용,겨울
유아롱패딩,유아동의류>점퍼,공용,겨울
키즈퀼팅점퍼,유아동의류>점퍼,공용,사계절
키즈퀼팅,유아동의류>점퍼,공용,사계절
주니어퀼팅점퍼,유아동의류>점퍼,주니어,봄/가을
주니어퀼팅,유아동의류>점퍼,주니어,겨울
유아퀼팅,유아동의류>점퍼,공용,사계절
여아퀼팅점퍼,유아동의류>점퍼,공용,여름
여아퀼팅,유아동의류>점퍼,공용,사계절
아기퀼팅,유아동의류>점퍼,여아,사계절
남아퀼팅점퍼,유아동의류>점퍼,여아,사계절
유아퀼팅점퍼,유아동의류>점퍼,공용,겨울
주니어롱패딩,유아동의류>점퍼,주니어,겨울
초등패딩,유아동의류>점퍼,주니어,겨울
키즈다운패딩,유아동의류>점퍼,공용,겨울
어린이옷,유아동의류>점퍼,공용,사계절
아기롱패딩,유아동의류>점퍼,공용,겨울
아기후리스,유아동의류>점퍼,공용,겨울
초등학생패딩,유아동의류>점퍼,주니어,겨울
주니어누빔점퍼,유아동의류>점퍼,주니어,사계절
주니어가을점퍼,유아동의류>점퍼,주니어,겨울
여아누빔점퍼,유아동의류>점퍼,공용,겨울
여아가을점퍼,유아동의류>점퍼,공용,사계절
아동항공점퍼,유아동의류>점퍼,공용,겨울
아기퀼팅점퍼,유아동의류>점퍼,남아,사계절
유아항공점퍼,유아동의류>점퍼,공용,봄/가을
초등남아점퍼,유아동의류>점퍼,주니어,봄/가을
초등여아패딩,유아동의류>점퍼,주니어,겨울
키즈야상점퍼,유아동의류>점퍼,공용,겨울
아동야상,유아동의류>점퍼,공용,봄/가을
아기경량패딩,유아동의류>점퍼,공용,겨울
아동롱패딩,유아동의류>점퍼,공용,겨울
키즈사파리,유아동의류>점퍼,공용,봄/가을
주니어뽀글이점퍼,유아동의류>점퍼,주니어,겨울
아동뽀글이점퍼,유아동의류>점퍼,공용,겨울
남아롱패딩,유아동의류>점퍼,남아,겨울
어린이롱패딩,유아동의류>점퍼,공용,겨울
아기바람막이,유아동의류>점퍼,공용,사계절
돌아기패딩,유아동의류>점퍼,공용,겨울
초등롱패딩,유아동의류>점퍼,주니어,겨울
아기점퍼,유아동의류>점퍼,공용,봄/가을
베이비패딩,유아동의류>점퍼,공용,겨울
키즈덕다운,유아동의류>점퍼,공용,겨울
여아구스패딩,유아동의류>점퍼,여아,사계절
아동복쇼핑몰,유아동의류>점퍼,공용,사계절
여아경량패딩,유아동의류>점퍼,여아,겨울
키즈경량롱패딩,유아동의류>점퍼,공용,사계절
유아경량패딩,유아동의류>점퍼,공용,겨울
초등경량점퍼,유아동의류>점퍼,주니어,겨울
주니어경량점퍼,유아동의류>점퍼,주니어,사계절
여아경량점퍼,유아동의류>점퍼,공용,사계절
아동경량점퍼,유아동의류>점퍼,여아,사계절
아기경량점퍼,유아동의류>점퍼,여아,사계절
남아경량점퍼,유아동의류>점퍼,여아,사계절
여아숏패딩,유아동의류>점퍼,여아,겨울
주니어경량패딩,유아동의류>점퍼,주니어,겨울
유아옷쇼핑몰,유아동의류>점퍼,공용,사계절
유아구스패딩,유아동의류>점퍼,공용,겨울
키즈점퍼,유아동의류>점퍼,공용,봄/가을
키즈후드집업,유아동의류>점퍼,공용,봄/가을
쥬니어패딩,유아동의류>점퍼,공용,봄/가을
초등남아패딩,유아동의류>점퍼,주니어,겨울
주니어숏패딩,유아동의류>점퍼,주니어,겨울
아동옷,유아동의류>점퍼,공용,사계절
키즈의류,유아동의류>점퍼,공용,사계절
초등학생롱패딩,유아동의류>점퍼,주니어,겨울
아기잠바,유아동의류>점퍼,공용,봄/가을
유아패딩점퍼,유아동의류>점퍼,공용,겨울
롱패딩키즈,유아동의류>점퍼,여아,겨울
주니어패딩점퍼,유아동의류>점퍼,주니어,겨울
키즈아우터,유아동의류>점퍼,공용,사계절
아동경량패딩,유아동의류>점퍼,공용,겨울
유아점퍼,유아동의류>점퍼,공용,봄/가을
돌아기잠바,유아동의류>점퍼,공용,봄/가을
키즈야구점퍼,유아동의류>점퍼,공용,봄/가을
주니어후드집업,유아동의류>점퍼,주니어,봄/가을
초등여아롱패딩,유아동의류>점퍼,주니어,겨울
주니어외투,유아동의류>점퍼,주니어,봄/가을
애기패딩,유아동의류>점퍼,공용,겨울
키즈다운점퍼,유아동의류>점퍼,공용,겨울
키즈뽀글이,유아동의류>점퍼,공용,겨울
초등경량패딩,유아동의류>점퍼,주니어,겨울
키즈옷쇼핑몰,유아동의류>점퍼,공용,사계절
아동의류,유아동의류>점퍼,공용,사계절
아기아우터,유아동의류>점퍼,공용,봄/가을
아기뽀글이,유아동의류>점퍼,공용,겨울
유아뽀글이점퍼,유아동의류>점퍼,공용,겨울
어린이경량패딩,유아동의류>점퍼,공용,겨울
아이패딩,유아동의류>점퍼,공용,겨울
아기외투,유아동의류>점퍼,공용,봄/가을
여아점퍼,유아동의류>점퍼,여아,봄/가을
유아복쇼핑몰,유아동의류>점퍼,공용,사계절
남아경량패딩,유아동의류>점퍼,남아,겨울
유아의류,유아동의류>점퍼,공용,사계절
아동패딩점퍼,유아동의류>점퍼,공용,겨울
키즈잠바,유아동의류>점퍼,공용,봄/가을
유아구스다운,유아동의류>점퍼,공용,겨울
키즈후리스집업,유아동의류>점퍼,공용,겨울
여아후드집업,유아동의류>점퍼,여아,사계절
유아잠바,유아동의류>점퍼,공용,봄/가을
아동숏패딩,유아동의류>점퍼,공용,겨울
어린이숏패딩,유아동의류>점퍼,공용,겨울
아동점퍼,유아동의류>점퍼,공용,봄/가을
여아후리스,유아동의류>점퍼,여아,겨울
아동잠바,유아동의류>점퍼,공용,봄/가을
여자아이패딩,유아동의류>점퍼,여아,겨울
주니어점퍼,유아동의류>점퍼,주니어,봄/가을
키즈집업,유아동의류>점퍼,공용,봄/가을
어린이잠바,유아동의류>점퍼,공용,봄/가을
키즈경량,유아동의류>점퍼,공용,겨울
4살패딩,유아동의류>점퍼,공용,겨울
여아겨울패딩,유아동의류>점퍼,여아,겨울
여아잠바,유아동의류>점퍼,여아,봄/가을
여아간절기점퍼,유아동의류>점퍼,여아,사계절
유아아우터,유아동의류>점퍼,공용,봄/가을
아기간절기점퍼,유아동의류>점퍼,공용,봄/가을
남아점퍼,유아동의류>점퍼,남아,봄/가을
영유아패딩,유아동의류>점퍼,공용,겨울
주니어아우터,유아동의류>점퍼,주니어,봄/가을
아기겉옷,유아동의류>점퍼,공용,사계절
여아패딩점퍼,유아동의류>점퍼,여아,겨울
어린이점퍼,유아동의류>점퍼,공용,봄/가을
어린이후드집업,유아동의류>점퍼,공용,봄/가을
유아뽀글이,유아동의류>점퍼,공용,겨울
여아아우터,유아동의류>점퍼,여아,봄/가을
초등학생잠바,유아동의류>점퍼,주니어,사계절
초등점퍼,유아동의류>점퍼,주니어,봄/가을
키즈경량다운,유아동의류>점퍼,공용,여름
유아후드집업,유아동의류>점퍼,공용,봄/가을
아동구스다운,유아동의류>점퍼,공용,사계절
3살패딩,유아동의류>점퍼,공용,겨울
초등후드집업,유아동의류>점퍼,주니어,봄/가을
돌아기바람막이,유아동의류>점퍼,공용,봄/가을
아동후드집업,유아동의류>점퍼,공용,사계절
키즈야상,유아동의류>점퍼,공용,봄/가을
초등학생경량패딩,유아동의류>점퍼,주니어,겨울
초등학생후드집업,유아동의류>점퍼,주니어,봄/가을
남아아우터,유아동의류>점퍼,남아,봄/가을
유아외투,유아동의류>점퍼,공용,봄/가을
주니어잠바,유아동의류>점퍼,주니어,봄/가을
초등학생점퍼,유아동의류>점퍼,주니어,봄/가을
키즈항공점퍼,유아동의류>점퍼,공용,봄/가을
아동겨울점퍼,유아동의류>점퍼,공용,겨울
초등잠바,유아동의류>점퍼,주니어,사계절
남아후드집업,유아동의류>점퍼,남아,봄/가을
유아야구점퍼,유아동의류>점퍼,공용,봄/가을
아동옷쇼핑몰,유아동의류>점퍼,공용,사계절
초등여아점퍼,유아동의류>점퍼,주니어,봄/가을
초등학생후리스,유아동의류>점퍼,주니어,겨울
아동뽀글이,유아동의류>점퍼,공용,겨울
주니어야구점퍼,유아동의류>점퍼,주니어,봄/가을
키즈경량점퍼,유아동의류>점퍼,남아,봄/가을
주니어야상,유아동의류>점퍼,주니어,여름
어린이야구점퍼,유아동의류>점퍼,공용,봄/가을
여아야구점퍼,유아동의류>점퍼,여아,봄/가을
키즈야구잠바,유아동의류>점퍼,공용,봄/가을
남아야구점퍼,유아동의류>점퍼,남아,봄/가을
유아다운점퍼,유아동의류>점퍼,공용,사계절
남아잠바,유아동의류>점퍼,남아,봄/가을
여아외투,유아동의류>점퍼,여아,봄/가을
주니어아노락,유아동의류>점퍼,주니어,사계절
아동야구점퍼,유아동의류>점퍼,공용,봄/가을
아동아우터,유아동의류>점퍼,공용,봄/가을
초등여아경량패딩,유아동의류>점퍼,주니어,겨울
주니어항공점퍼,유아동의류>점퍼,주니어,봄/가을
키즈간절기점퍼,유아동의류>점퍼,공용,봄/가을
키즈블루종,유아동의류>점퍼,남아,사계절
초등학생남아동복,유아동의류>점퍼,주니어,겨울
키즈가을점퍼,유아동의류>점퍼,공용,사계절
주니어후드점퍼,유아동의류>점퍼,주니어,봄/가을
여아항공점퍼,유아동의류>점퍼,여아,봄/가을
남아항공점퍼,유아동의류>점퍼,남아,봄/가을
유아경량점퍼,유아동의류>점퍼,공용,사계절
주니어바람막이점퍼,유아동의류>점퍼,주니어,봄/가을
아기오버롤,유아동의류>점프슈트,공용,겨울
아기점프수트,유아동의류>점프슈트,공용,사계절
유아점프수트,유아동의류>점프슈트,공용,사계절
유아오버롤,유아동의류>점프슈트,공용,사계절
아기점프슈트,유아동의류>점프슈트,공용,겨울
키즈점프수트,유아동의류>점프슈트,공용,사계절
아동점프수트,유아동의류>점프슈트,공용,사계절
유아점프슈트,유아동의류>점프슈트,공용,사계절
주니어점프수트,유아동의류>점프슈트,주니어,사계절
남아정장,유아동의류>정장,남아,사계절
돌아기정장,유아동의류>정장,공용,겨울
유아정장,유아동의류>정장,공용,사계절
유아턱시도,유아동의류>정장,공용,사계절
아기턱시도,유아동의류>정장,공용,사계절
아동턱시도,유아동의류>정장,공용,사계절
아기양복,유아동의류>정장,공용,사계절
키즈하객룩,유아동의류>정장,공용,사계절
아기돌복,유아동의류>정장,공용,사계절
남아턱시도,유아동의류>정장,여아,사계절
남아돌복,유아동의류>정장,공용,겨울
어린이양복,유아동의류>정장,공용,사계절
남아수트,유아동의류>정장,남아,사계절
결혼식아기옷,유아동의류>정장,남아,사계절
돌아기슈트,유아동의류>정장,여아,사계절
남아하객룩,유아동의류>정장,공용,사계절
초등정장,유아동의류>정장,주니어,겨울
초등남아정장,유아동의류>정장,주니어,겨울
남아정장세트,유아동의류>정장,남아,사계절
남아돌정장,유아동의류>정장,공용,겨울
주니어정장,유아동의류>정장,주니어,사계절
아기정장,유아동의류>정장,공용,겨울
아동정장,유아동의류>정장,공용,사계절
키즈정장,유아동의류>정장,공용,사계절
어린이정장,유아동의류>정장,공용,사계절
초등학생정장,유아동의류>정장,주니어,여름
아기돌정장,유아동의류>정장,공용,사계절
남자아기정장,유아동의류>정장,남아,사계절
백일정장,유아동의류>정장,공용,사계절
아이정장,유아동의류>정장,공용,사계절
남아세미정장,유아동의류>정장,남아,사계절
어린이슈트,유아동의류>정장,공용,사계절
남아슈트,유아동의류>정장,공용,사계절
아기조끼,유아동의류>조끼,공용,사계절
초등조끼,유아동의류>조끼,주니어,사계절
주니어경량패딩조끼,유아동의류>조끼,주니어,겨울
베이비조끼,유아동의류>조끼,공용,사계절
돌아기조끼,유아동의류>조끼,공용,겨울
아기누빔조끼,유아동의류>조끼,공용,겨울
키즈경량패딩조끼,유아동의류>조끼,공용,겨울
초등여아조끼,유아동의류>조끼,주니어,사계절
아동경량패딩조끼,유아동의류>조끼,공용,겨울
키즈패딩조끼,유아동의류>조끼,공용,겨울
유아조끼,유아동의류>조끼,공용,사계절
아기니트조끼,유아동의류>조끼,공용,사계절
키즈조끼,유아동의류>조끼,공용,사계절
아기패딩조끼,유아동의류>조끼,공용,겨울
유아니트조끼,유아동의류>조끼,공용,봄/가을
어린이조끼,유아동의류>조끼,공용,사계절
키즈경량조끼,유아동의류>조끼,공용,봄/가을
유아패딩조끼,유아동의류>조끼,공용,겨울
유아실내조끼,유아동의류>조끼,공용,사계절
아동조끼,유아동의류>조끼,공용,사계절
남아니트조끼,유아동의류>조끼,남아,봄/가을
여아조끼,유아동의류>조끼,여아,사계절
키즈니트조끼,유아동의류>조끼,공용,봄/가을
여아니트조끼,유아동의류>조끼,여아,봄/가을
주니어베스트,유아동의류>조끼,주니어,사계절
유아니트베스트,유아동의류>조끼,공용,봄/가을
아동니트베스트,유아동의류>조끼,여아,사계절
여아패딩조끼,유아동의류>조끼,여아,겨울
남아조끼,유아동의류>조끼,남아,사계절
주니어패딩조끼,유아동의류>조끼,주니어,겨울
키즈후리스조끼,유아동의류>조끼,공용,사계절
아동패딩조끼,유아동의류>조끼,공용,겨울
어린이패딩조끼,유아동의류>조끼,공용,겨울
남아패딩조끼,유아동의류>조끼,남아,겨울
아동니트조끼,유아동의류>조끼,공용,봄/가을
유아누빔조끼,유아동의류>조끼,남아,사계절
주니어니트조끼,유아동의류>조끼,주니어,봄/가을
어린이니트조끼,유아동의류>조끼,공용,봄/가을
유아뽀글이조끼,유아동의류>조끼,공용,사계절
여아니트베스트,유아동의류>조끼,여아,봄/가을
남아베스트,유아동의류>조끼,남아,사계절
아동베스트,유아동의류>조끼,공용,사계절
초등니트조끼,유아동의류>조끼,주니어,사계절
주니어니트베스트,유아동의류>조끼,주니어,봄/가을
아기청바지,유아동의류>청바지,공용,사계절
유아청바지,유아동의류>청바지,공용,사계절
여아청바지,유아동의류>청바지,여아,사계절
키즈청바지,유아동의류>청바지,공용,사계절
주니어청바지,유아동의류>청바지,주니어,사계절
키즈기모청바지,유아동의류>청바지,공용,겨울
여아기모청바지,유아동의류>청바지,여아,겨울
남아청바지,유아동의류>청바지,남아,사계절
유아기모청바지,유아동의류>청바지,공용,겨울
주니어기모청바지,유아동의류>청바지,주니어,겨울
아동청바지,유아동의류>청바지,공용,사계절
어린이청바지,유아동의류>청바지,공용,사계절
초등학생청바지,유아동의류>청바지,주니어,사계절
돌아기청바지,유아동의류>청바지,공용,사계절
초등청바지,유아동의류>청바지,주니어,사계절
키즈데님,유아동의류>청바지,공용,사계절
초등여아청바지,유아동의류>청바지,주니어,사계절
여아부츠컷청바지,유아동의류>청바지,여아,사계절
쥬니어청바지,유아동의류>청바지,공용,사계절
주니어여아청바지,유아동의류>청바지,주니어,사계절
아기가디건,유아동의류>카디건,공용,사계절
여아가디건,유아동의류>카디건,여아,사계절
키즈가디건,유아동의류>카디건,공용,사계절
유아가디건,유아동의류>카디건,공용,사계절
남아가디건,유아동의류>카디건,남아,사계절
주니어가디건,유아동의류>카디건,주니어,사계절
돌아기가디건,유아동의류>카디건,공용,사계절
베이비가디건,유아동의류>카디건,공용,사계절
어린이가디건,유아동의류>카디건,공용,사계절
아동가디건,유아동의류>카디건,공용,사계절
초등가디건,유아동의류>카디건,주니어,사계절
주니어니트가디건,유아동의류>카디건,주니어,봄/가을
신생아가디건,유아동의류>카디건,베이비,사계절
초등여아가디건,유아동의류>카디건,주니어,사계절
여아니트가디건,유아동의류>카디건,여아,봄/가을
여아볼레로,유아동의류>카디건,여아,사계절
초등학생가디건,유아동의류>카디건,주니어,사계절
키즈니트가디건,유아동의류>카디건,공용,봄/가을
아기할로윈코스튬,유아동의류>코스튬의상,공용,할로윈
아기할로윈의상,유아동의류>코스튬의상,공용,할로윈
아기할로윈,유아동의류>코스튬의상,공용,할로윈
어린이집할로윈,유아동의류>코스튬의상,공용,할로윈
여아할로윈코스튬,유아동의류>코스튬의상,여아,할로윈
남아할로윈코스튬,유아동의류>코스튬의상,남아,할로윈
어린이집할로윈의상,유아동의류>코스튬의상,공용,할로윈
어린이코스튬,유아동의류>코스튬의상,공용,사계절
유아코스튬,유아동의류>코스튬의상,공용,사계절
아기크리스마스망토,유아동의류>코스튬의상,여아,겨울
키즈할로윈코스튬,유아동의류>코스튬의상,공용,할로윈
여아할로윈의상,유아동의류>코스튬의상,여아,할로윈
남아할로윈의상,유아동의류>코스튬의상,남아,할로윈
할로윈어린이코스튬,유아동의류>코스튬의상,공용,할로윈
유치원할로윈,유아동의류>코스튬의상,공용,할로윈
버스안내양,유아동의류>코스튬의상,공용,봄/가을
유아산타,유아동의류>코스튬의상,여아,봄/가을
유아루돌프옷,유아동의류>코스튬의상,공용,봄/가을
키즈할로윈의상,유아동의류>코스튬의상,공용,할로윈
키즈할로윈,유아동의류>코스튬의상,공용,할로윈
할로윈유아코스튬,유아동의류>코스튬의상,공용,할로윈
유치원할로윈의상,유아동의류>코스튬의상,공용,할로윈
할로윈어린이집,유아동의류>코스튬의상,공용,할로윈
유아산타옷,유아동의류>코스튬의상,여아,봄/가을
할로윈키즈,유아동의류>코스튬의상,공용,할로윈
여아할로윈,유아동의류>코스튬의상,여아,할로윈
남아할로윈,유아동의류>코스튬의상,남아,할로윈
할로윈어린이의상,유아동의류>코스튬의상,공용,할로윈
유아크리스마스의상,유아동의류>코스튬의상,공용,사계절
할로윈유치원,유아동의류>코스튬의상,공용,할로윈
할로윈여아의상,유아동의류>코스튬의상,공용,할로윈
할로윈아동코스튬,유아동의류>코스튬의상,공용,할로윈
할로윈아동의상,유아동의류>코스튬의상,공용,할로윈
할로윈아동복,유아동의류>코스튬의상,공용,할로윈
할로윈데이어린이집,유아동의류>코스튬의상,공용,할로윈
할로윈남아코스튬,유아동의류>코스튬의상,공용,할로윈
할로윈남아의상,유아동의류>코스튬의상,공용,할로윈
주니어할로윈의상,유아동의류>코스튬의상,주니어,할로윈
유아할로윈소품,유아동의류>코스튬의상,공용,할로윈
유아할로윈분장,유아동의류>코스튬의상,공용,할로윈
유아할로윈복장,유아동의류>코스튬의상,공용,할로윈
유아할로윈드레스,유아동의류>코스튬의상,공용,할로윈
유아할로윈데이의상,유아동의류>코스튬의상,남아,할로윈
어린이할로윈파티,유아동의류>코스튬의상,공용,할로윈
어린이망토,유아동의류>코스튬의상,공용,사계절
어린이집할로윈행사,유아동의류>코스튬의상,공용,할로윈
할로윈여아,유아동의류>코스튬의상,여아,할로윈
유아할로윈망토,유아동의류>코스튬의상,공용,할로윈
초등학생할로윈,유아동의류>코스튬의상,주니어,할로윈
아동코스튬,유아동의류>코스튬의상,공용,사계절
할로윈어린이,유아동의류>코스튬의상,남아,할로윈
유아산타복,유아동의류>코스튬의상,공용,사계절
아동할로윈의상,유아동의류>코스튬의상,공용,할로윈
초등학생할로윈의상,유아동의류>코스튬의상,주니어,할로윈
아동할로윈코스튬,유아동의류>코스튬의상,공용,할로윈
유아코스프레,유아동의류>코스튬의상,공용,사계절
어린이경찰모자,유아동의류>코스튬의상,공용,봄/가을
어린이경찰복,유아동의류>코스튬의상,공용,사계절
할로윈유아의상,유아동의류>코스튬의상,공용,할로윈
아이할로윈,유아동의류>코스튬의상,공용,할로윈
아동할로윈,유아동의류>코스튬의상,공용,할로윈
어린이할로윈의상,유아동의류>코스튬의상,공용,할로윈
어린이할로윈,유아동의류>코스튬의상,공용,할로윈
유아할로윈의상,유아동의류>코스튬의상,공용,할로윈
유아할로윈코스튬,유아동의류>코스튬의상,공용,할로윈
유아할로윈,유아동의류>코스튬의상,공용,할로윈
아기산타복,유아동의류>코스튬의상,공용,겨울
여아코트,유아동의류>코트,여아,겨울
남아트렌치코트,유아동의류>코트,공용,겨울
아기트렌치코트,유아동의류>코트,공용,사계절
유아겨울코트,유아동의류>코트,공용,겨울
아기겨울코트,유아동의류>코트,공용,겨울
아동트렌치코트,유아동의류>코트,공용,봄/가을
남아모직코트,유아동의류>코트,남아,겨울
키즈코트,유아동의류>코트,공용,사계절
남아코트,유아동의류>코트,남아,겨울
주니어코트,유아동의류>코트,주니어,사계절
유아코트,유아동의류>코트,공용,사계절
어린이코트,유아동의류>코트,공용,사계절
키즈떡볶이코트,유아동의류>코트,공용,사계절
초등여아코트,유아동의류>코트,주니어,사계절
아기코트,유아동의류>코트,공용,사계절
유아케이프,유아동의류>코트,공용,겨울
아동코트,유아동의류>코트,공용,사계절
초등학생코트,유아동의류>코트,주니어,사계절
주니어떡볶이코트,유아동의류>코트,주니어,겨울
유아무스탕,유아동의류>코트,공용,겨울
유아떡볶이코트,유아동의류>코트,공용,겨울
여아겨울코트,유아동의류>코트,여아,겨울
초등코트,유아동의류>코트,주니어,사계절
여아트렌치,유아동의류>코트,공용,여름
여아트렌치코트,유아동의류>코트,여아,봄/가을
키즈트렌치코트,유아동의류>코트,공용,사계절
유아트렌치코트,유아동의류>코트,공용,사계절
주니어트렌치코트,유아동의류>코트,주니어,봄/가을
유아트레이닝,유아동의류>트레이닝복,공용,사계절
키즈추리닝,유아동의류>트레이닝복,공용,사계절
키즈트레이닝복,유아동의류>트레이닝복,공용,사계절
주니어트레이닝세트,유아동의류>트레이닝복,주니어,사계절
키즈트레이닝복세트,유아동의류>트레이닝복,공용,사계절
키즈운동복,유아동의류>트레이닝복,공용,사계절
주니어트레이닝복,유아동의류>트레이닝복,주니어,사계절
어린이집체육복,유아동의류>트레이닝복,공용,사계절
유아트레이닝바지,유아동의류>트레이닝복,공용,사계절
주니어트레이닝바지,유아동의류>트레이닝복,주니어,사계절
초등학교체육복,유아동의류>트레이닝복,주니어,사계절
여아트레이닝복,유아동의류>트레이닝복,여아,사계절
어린이트레이닝복,유아동의류>트레이닝복,공용,사계절
키즈츄리닝,유아동의류>트레이닝복,공용,사계절
주니어운동복,유아동의류>트레이닝복,주니어,사계절
어린이운동복,유아동의류>트레이닝복,공용,사계절
유아트레이닝복,유아동의류>트레이닝복,공용,사계절
아동트레이닝복,유아동의류>트레이닝복,공용,사계절
초등트레이닝복,유아동의류>트레이닝복,주니어,사계절
유아츄리닝,유아동의류>트레이닝복,공용,사계절
주니어츄리닝,유아동의류>트레이닝복,주니어,사계절
초등학생트레이닝복,유아동의류>트레이닝복,주니어,사계절
초등학생츄리닝,유아동의류>트레이닝복,주니어,사계절
어린이츄리닝,유아동의류>트레이닝복,공용,사계절
키즈트레이닝세트,유아동의류>트레이닝복,공용,사계절
아동츄리닝,유아동의류>트레이닝복,공용,사계절
남아트레이닝복,유아동의류>트레이닝복,남아,사계절
주니어트레이닝,유아동의류>트레이닝복,주니어,사계절
키즈트레이닝,유아동의류>트레이닝복,공용,사계절
여아츄리닝,유아동의류>트레이닝복,여아,사계절
주니어트레이닝복세트,유아동의류>트레이닝복,주니어,사계절
아동운동복,유아동의류>트레이닝복,공용,사계절
남아츄리닝,유아동의류>트레이닝복,남아,사계절
주니어추리닝,유아동의류>트레이닝복,주니어,사계절
남아트레이닝바지,유아동의류>트레이닝복,남아,사계절
아동트레이닝세트,유아동의류>트레이닝복,공용,사계절
초등츄리닝,유아동의류>트레이닝복,주니어,사계절
초등여아트레이닝복,유아동의류>트레이닝복,주니어,사계절
여아트레이닝바지,유아동의류>트레이닝복,공용,사계절
키즈기모트레이닝,유아동의류>트레이닝복,공용,겨울
여아트레이닝세트,유아동의류>트레이닝복,여아,사계절
여아트레이닝,유아동의류>트레이닝복,여아,사계절
주니어츄리닝세트,유아동의류>트레이닝복,주니어,사계절
아동체육복,유아동의류>트레이닝복,공용,사계절
초등트레이닝세트,유아동의류>트레이닝복,주니어,사계절
쥬니어트레이닝복,유아동의류>트레이닝복,공용,사계절
애기후드티,유아동의류>티셔츠,공용,겨울
유아후드,유아동의류>티셔츠,공용,사계절
주니어옷,유아동의류>티셔츠,주니어,사계절
초등여아옷,유아동의류>티셔츠,주니어,사계절
초등학생옷,유아동의류>티셔츠,주니어,사계절
키즈7부티셔츠,유아동의류>티셔츠,공용,봄/가을
유아스팽글티셔츠,유아동의류>티셔츠,공용,사계절
돌아기티셔츠,유아동의류>티셔츠,공용,사계절
주니어긴팔,유아동의류>티셔츠,주니어,봄/가을
여아프릴티셔츠,유아동의류>티셔츠,여아,사계절
주니어의류,유아동의류>티셔츠,주니어,사계절
키즈맨투맨,유아동의류>티셔츠,공용,봄/가을
아기카라티,유아동의류>티셔츠,공용,사계절
키즈카라티,유아동의류>티셔츠,공용,사계절
키즈브랜드,유아동의류>티셔츠,공용,사계절
아기맨투맨,유아동의류>티셔츠,공용,봄/가을
아동복브랜드,유아동의류>티셔츠,공용,사계절
주니어쇼핑몰,유아동의류>티셔츠,주니어,사계절
주니어브랜드,유아동의류>티셔츠,주니어,겨울
키즈옷브랜드,유아동의류>티셔츠,공용,사계절
초등남아옷,유아동의류>티셔츠,주니어,사계절
아기티셔츠,유아동의류>티셔츠,공용,사계절
유아맨투맨,유아동의류>티셔츠,공용,사계절
키즈쇼핑몰,유아동의류>티셔츠,공용,사계절
초등여아맨투맨,유아동의류>티셔츠,주니어,사계절
키즈후드티,유아동의류>티셔츠,공용,봄/가을
여아맨투맨,유아동의류>티셔츠,여아,사계절
아기기모맨투맨,유아동의류>티셔츠,공용,봄/가을
초등옷,유아동의류>티셔츠,주니어,사계절
주니어후드티,유아동의류>티셔츠,주니어,사계절
초등고학년옷,유아동의류>티셔츠,주니어,사계절
초등학생옷쇼핑몰,유아동의류>티셔츠,주니어,사계절
주니어맨투맨,유아동의류>티셔츠,주니어,봄/가을
쥬니어,유아동의류>티셔츠,공용,사계절
크리스마스키즈,유아동의류>티셔츠,공용,봄/가을
키즈크리스마스,유아동의류>티셔츠,공용,사계절
아기목폴라,유아동의류>티셔츠,공용,사계절
유아브랜드,유아동의류>티셔츠,공용,사계절
주니어옷쇼핑몰,유아동의류>티셔츠,주니어,사계절
키즈기모맨투맨,유아동의류>티셔츠,공용,겨울
초등가을옷,유아동의류>티셔츠,주니어,봄/가을
유아흰티,유아동의류>티셔츠,공용,사계절
초등여아가을옷,유아동의류>티셔츠,주니어,겨울
키즈티셔츠,유아동의류>티셔츠,공용,사계절
유아목폴라,유아동의류>티셔츠,공용,겨울
키즈목폴라,유아동의류>티셔츠,공용,사계절
주니어옷브랜드,유아동의류>티셔츠,주니어,사계절
여아크롭,유아동의류>티셔츠,공용,사계절
주니어크롭,유아동의류>티셔츠,주니어,사계절
초등생옷,유아동의류>티셔츠,주니어,여름
여자주니어옷,유아동의류>티셔츠,주니어,사계절
주니어옷사이즈,유아동의류>티셔츠,주니어,사계절
초등학생여아옷,유아동의류>티셔츠,주니어,사계절
아기후드티,유아동의류>티셔츠,공용,봄/가을
남아맨투맨,유아동의류>티셔츠,남아,사계절
어린이흰티,유아동의류>티셔츠,공용,사계절
남아흰티,유아동의류>티셔츠,남아,사계절
여아티셔츠,유아동의류>티셔츠,여아,사계절
어린이옷브랜드,유아동의류>티셔츠,공용,사계절
주니어티셔츠,유아동의류>티셔츠,주니어,사계절
유아티셔츠,유아동의류>티셔츠,공용,사계절
아기면티,유아동의류>티셔츠,공용,겨울
어린이집단체티,유아동의류>티셔츠,공용,봄/가을
아동단체티,유아동의류>티셔츠,공용,봄/가을
유아무지티,유아동의류>티셔츠,공용,사계절
주니어롱티,유아동의류>티셔츠,주니어,봄/가을
유아목티,유아동의류>티셔츠,공용,겨울
초등학생옷브랜드,유아동의류>티셔츠,주니어,사계절
아동맨투맨,유아동의류>티셔츠,공용,봄/가을
여아후드티,유아동의류>티셔츠,여아,사계절
키즈반팔티,유아동의류>티셔츠,공용,여름
초딩옷,유아동의류>티셔츠,공용,사계절
아기흰티,유아동의류>티셔츠,공용,사계절
여아주니어의류,유아동의류>티셔츠,주니어,사계절
주니어반팔티,유아동의류>티셔츠,주니어,여름
아기기본티,유아동의류>티셔츠,공용,사계절
주니어기모맨투맨,유아동의류>티셔츠,주니어,겨울
키즈반팔,유아동의류>티셔츠,공용,여름
여자주니어쇼핑몰,유아동의류>티셔츠,주니어,사계절
유아후드티,유아동의류>티셔츠,공용,사계절
초등여아옷쇼핑몰,유아동의류>티셔츠,주니어,사계절
여아기모맨투맨,유아동의류>티셔츠,여아,겨울
초등후드티,유아동의류>티셔츠,주니어,사계절
아동티셔츠,유아동의류>티셔츠,공용,사계절
키즈후드,유아동의류>티셔츠,공용,사계절
남아티셔츠,유아동의류>티셔츠,남아,사계절
베이비브랜드,유아동의류>티셔츠,공용,사계절
아동목폴라,유아동의류>티셔츠,공용,겨울
어린이후드티,유아동의류>티셔츠,공용,사계절
남아후드티,유아동의류>티셔츠,남아,사계절
아동후드티,유아동의류>티셔츠,공용,사계절
유아폴라티,유아동의류>티셔츠,공용,겨울
키즈폴라티,유아동의류>티셔츠,공용,겨울
어린이목폴라,유아동의류>티셔츠,공용,봄/가을
아동목티,유아동의류>티셔츠,공용,겨울
여아목티,유아동의류>티셔츠,여아,겨울
초등학생여자옷,유아동의류>티셔츠,주니어,사계절
여아흰티,유아동의류>티셔츠,여아,사계절
초등맨투맨,유아동의류>티셔츠,주니어,사계절
여아크롭티,유아동의류>티셔츠,여아,여름
주니어의류브랜드,유아동의류>티셔츠,주니어,사계절
아동브랜드,유아동의류>티셔츠,공용,사계절
어린이티셔츠,유아동의류>티셔츠,공용,사계절
유아나시,유아동의류>티셔츠,공용,여름
키즈기모후드티,유아동의류>티셔츠,공용,겨울
유아기모맨투맨,유아동의류>티셔츠,공용,봄/가을
남아주니어쇼핑몰,유아동의류>티셔츠,주니어,사계절
아동쇼핑몰,유아동의류>티셔츠,공용,사계절
아기반팔티,유아동의류>티셔츠,공용,여름
유아카라티,유아동의류>티셔츠,공용,사계절
남아카라티,유아동의류>티셔츠,남아,사계절
어린이맨투맨,유아동의류>티셔츠,공용,사계절
초등학생맨투맨,유아동의류>티셔츠,주니어,사계절
초등학생후드티,유아동의류>티셔츠,주니어,사계절
주니어기본티,유아동의류>티셔츠,주니어,사계절
주니어나시,유아동의류>티셔츠,주니어,여름
유아반팔티,유아동의류>티셔츠,공용,여름
여아목폴라,유아동의류>티셔츠,여아,사계절
남아브랜드,유아동의류>티셔츠,남아,사계절
돌아기맨투맨,유아동의류>티셔츠,공용,사계절
초등티셔츠,유아동의류>티셔츠,주니어,사계절
여자초등학생옷,유아동의류>티셔츠,주니어,사계절
베이비맨투맨,유아동의류>티셔츠,공용,봄/가을
여아상의,유아동의류>티셔츠,여아,사계절
쥬니어의류,유아동의류>티셔츠,공용,사계절
여아카라티,유아동의류>티셔츠,남아,겨울
주니어후드,유아동의류>티셔츠,주니어,사계절
아기상의,유아동의류>티셔츠,공용,사계절
초등여아티셔츠,유아동의류>티셔츠,주니어,사계절
초등학생남자옷,유아동의류>티셔츠,주니어,사계절
주니어기모티,유아동의류>티셔츠,주니어,겨울
초등학생티셔츠,유아동의류>티셔츠,주니어,사계절
유아기본티,유아동의류>티셔츠,공용,사계절
아기무지티,유아동의류>티셔츠,공용,사계절
초등크롭티,유아동의류>티셔츠,주니어,사계절
아동흰티,유아동의류>티셔츠,공용,사계절
주니어크롭티,유아동의류>티셔츠,주니어,여름
주니어겨울옷,유아동의류>티셔츠,주니어,겨울
초등학생겨울옷,유아동의류>티셔츠,주니어,겨울
주니어패션,유아동의류>티셔츠,주니어,사계절
주니어기모,유아동의류>티셔츠,주니어,겨울
아동폴라티,유아동의류>티셔츠,공용,겨울
어린이브랜드,유아동의류>티셔츠,공용,사계절
주니어목폴라,유아동의류>티셔츠,주니어,겨울
아동반팔티,유아동의류>티셔츠,공용,여름
초등학생의류,유아동의류>티셔츠,주니어,사계절
남자초등학생옷,유아동의류>티셔츠,주니어,사계절
키즈크롭티,유아동의류>티셔츠,공용,여름
주니어흰티,유아동의류>티셔츠,주니어,사계절
키즈티,유아동의류>티셔츠,공용,사계절
아동기모맨투맨,유아동의류>티셔츠,공용,겨울
유아티,유아동의류>티셔츠,공용,사계절
키즈면티,유아동의류>티셔츠,공용,사계절
키즈긴팔티,유아동의류>티셔츠,공용,봄/가을
아기티,유아동의류>티셔츠,공용,사계절
여아티,유아동의류>티셔츠,여아,사계절
주니어남자옷,유아동의류>티셔츠,주니어,사계절
초등남아티셔츠,유아동의류>티셔츠,주니어,사계절
주니어카라티,유아동의류>티셔츠,주니어,사계절
아동카라티,유아동의류>티셔츠,공용,사계절
유아긴팔티,유아동의류>티셔츠,공용,봄/가을
유아민소매,유아동의류>티셔츠,공용,여름
아기긴팔티,유아동의류>티셔츠,공용,봄/가을
주니어티,유아동의류>티셔츠,주니어,사계절
주니어긴팔티,유아동의류>티셔츠,주니어,봄/가을
아기브랜드,유아동의류>티셔츠,남아,겨울
주니어면티,유아동의류>티셔츠,주니어,사계절
아동후드,유아동의류>티셔츠,공용,겨울
아동면티,유아동의류>티셔츠,공용,사계절
여아기본티,유아동의류>티셔츠,여아,봄/가을
초등학생크롭티,유아동의류>티셔츠,주니어,사계절
키즈긴팔티셔츠,유아동의류>티셔츠,공용,봄/가을
키즈긴팔,유아동의류>티셔츠,공용,봄/가을
유아면티,유아동의류>티셔츠,공용,사계절
주니어여아의류,유아동의류>티셔츠,주니어,사계절
아동크롭티,유아동의류>티셔츠,공용,사계절
아동기본티,유아동의류>티셔츠,공용,봄/가을
여아롱티셔츠,유아동의류>티셔츠,여아,봄/가을
여아롱티,유아동의류>티셔츠,여아,사계절
여아긴팔티,유아동의류>티셔츠,여아,봄/가을
아기7부티셔츠,유아동의류>티셔츠,공용,봄/가을
아동무지티,유아동의류>티셔츠,공용,사계절
남아긴팔티,유아동의류>티셔츠,남아,봄/가을
유아7부티셔츠,유아동의류>티셔츠,공용,봄/가을
키즈롱티,유아동의류>티셔츠,공용,봄/가을
키즈반팔티셔츠,유아동의류>티셔츠,공용,여름
아기반팔티셔츠,유아동의류>티셔츠,공용,여름
여아반팔티셔츠,유아동의류>티셔츠,여아,여름
아기커플룩,유아동의류>패밀리룩,여아,사계절
아기한복,유아동의류>한복,공용,사계절
여아한복,유아동의류>한복,공용,사계절
남아한복,유아동의류>한복,공용,사계절
유아한복,유아동의류>한복,공용,겨울
남자아기한복,유아동의류>한복,공용,겨울
아동한복,유아동의류>한복,공용,겨울
여자아기한복,유아동의류>한복,공용,사계절
아기설빔,유아동의류>한복,공용,겨울
어린이한복,유아동의류>한복,공용,겨울
돌아기한복,유아동의류>한복,여아,사계절
아기생활한복,유아동의류>한복,공용,사계절
아기개량한복,유아동의류>한복,공용,사계절
남아돌한복,유아동의류>한복,공용,겨울
아이한복,유아동의류>한복,공용,겨울
키즈한복,유아동의류>한복,공용,사계절
여아돌한복,유아동의류>한복,공용,봄/가을
주니어한복,유아동의류>한복,주니어,사계절
아기계량한복,유아동의류>한복,공용,사계절
고급여아한복,유아동의류>한복,남아,겨울
애기한복,유아동의류>한복,여아,겨울
아기설한복,유아동의류>한복,공용,겨울
남자아이한복,유아동의류>한복,공용,겨울
여아한복드레스,유아동의류>한복,공용,사계절
남아생활한복,유아동의류>한복,공용,겨울
신생아설빔,유아동의류>한복,베이비,사계절
남아개량한복,유아동의류>한복,남아,사계절
유아생활한복,유아동의류>한복,남아,봄/가을
아기돌한복,유아동의류>한복,공용,사계절
여자아이한복,유아동의류>한복,공용,사계절
두돌한복,유아동의류>한복,여아,사계절
여아생활한복,유아동의류>한복,공용,사계절
유아개량한복,유아동의류>한복,여아,사계절
돌잔치아기한복,유아동의류>한복,여아,사계절
여아개량한복,유아동의류>한복,공용,사계절
초등학생한복,유아동의류>한복,주니어,겨울
아기한복슈트,유아동의류>한복,여아,사계절
어린이생활한복,유아동의류>한복,공용,사계절
초등한복,유아동의류>한복,주니어,사계절
유아남아한복,유아동의류>한복,공용,사계절
초등여아한복,유아동의류>한복,주니어,사계절
남아설빔,유아동의류>한복,공용,겨울
여아돌한복대여,유아동의류>한복,공용,사계절
어린이개량한복,유아동의류>한복,공용,사계절
유아설빔,유아동의류>한복,여아,겨울
아기백일한복,유아동의류>한복,공용,겨울
아동생활한복,유아동의류>한복,공용,겨울
추석한복,유아동의류>한복,공용,봄/가을
설날한복,유아동의류>한복,공용,겨울
미아방지가방,유아동잡화>가방>미아방지가방,공용,사계절
돌아기가방,유아동잡화>가방>미아방지가방,공용,겨울
초등학생책가방,유아동잡화>가방>백팩,주니어,사계절
초등학생가방,유아동잡화>가방>백팩,주니어,사계절
초등고학년책가방,유아동잡화>가방>백팩,주니어,사계절
초등책가방,유아동잡화>가방>백팩,주니어,사계절
초등가방,유아동잡화>가방>백팩,주니어,사계절
초등학교가방,유아동잡화>가방>백팩,주니어,사계절
초등입학가방,유아동잡화>가방>백팩,주니어,사계절
초등학교책가방,유아동잡화>가방>백팩,주니어,사계절
여아책가방,유아동잡화>가방>백팩,여아,사계절
초등입학책가방,유아동잡화>가방>백팩,주니어,사계절
초등여아책가방,유아동잡화>가방>백팩,주니어,사계절
어린이집가방,유아동잡화>가방>백팩,공용,사계절
키즈백팩,유아동잡화>가방>백팩,공용,사계절
초등백팩,유아동잡화>가방>백팩,주니어,사계절
초등학원가방,유아동잡화>가방>백팩,주니어,사계절
초등여아가방,유아동잡화>가방>백팩,주니어,사계절
키즈가방,유아동잡화>가방>백팩,공용,사계절
유아가방,유아동잡화>가방>백팩,공용,사계절
어린이가방,유아동잡화>가방>백팩,공용,사계절
유아백팩,유아동잡화>가방>백팩,공용,사계절
키즈책가방,유아동잡화>가방>백팩,공용,사계절
초등저학년책가방,유아동잡화>가방>백팩,주니어,사계절
초등소풍가방,유아동잡화>가방>백팩,주니어,사계절
초등학생저학년책가방,유아동잡화>가방>백팩,주니어,사계절
유치원가방,유아동잡화>가방>백팩,공용,사계절
초등학생백팩,유아동잡화>가방>백팩,주니어,사계절
소풍가방,유아동잡화>가방>백팩,공용,사계절
초등저학년가방,유아동잡화>가방>백팩,주니어,사계절
초등생가방,유아동잡화>가방>백팩,주니어,사계절
어린이책가방,유아동잡화>가방>백팩,공용,사계절
주니어책가방,유아동잡화>가방>백팩,주니어,사계절
학생책가방,유아동잡화>가방>백팩,공용,사계절
어린이백팩,유아동잡화>가방>백팩,공용,사계절
초등학생책가방추천,유아동잡화>가방>백팩,주니어,사계절
남아책가방,유아동잡화>가방>백팩,남아,사계절
초등학생입학가방,유아동잡화>가방>백팩,주니어,봄/가을
초등학생가벼운책가방,유아동잡화>가방>백팩,주니어,사계절
여아백팩,유아동잡화>가방>백팩,여아,사계절
아동가방,유아동잡화>가방>백팩,공용,사계절
주니어백팩,유아동잡화>가방>백팩,주니어,사계절
유아배낭,유아동잡화>가방>백팩,공용,사계절
키즈소풍가방,유아동잡화>가방>백팩,공용,봄/가을
초등학생슬링백,유아동잡화>가방>백팩,주니어,사계절
초등신학기가방,유아동잡화>가방>백팩,주니어,봄/가을
여아소풍가방,유아동잡화>가방>백팩,여아,봄/가을
아기백팩,유아동잡화>가방>백팩,공용,사계절
아동백팩,유아동잡화>가방>백팩,공용,사계절
초등실내화가방,유아동잡화>가방>신발주머니/보조가방,주니어,사계절
어린이보조가방,유아동잡화>가방>신발주머니/보조가방,공용,사계절
어린이에코백,유아동잡화>가방>신발주머니/보조가방,공용,사계절
초등학생신발주머니,유아동잡화>가방>신발주머니/보조가방,주니어,사계절
어린이집파우치,유아동잡화>가방>유아파우치,여아,사계절
어린이집준비물,유아동잡화>가방>유아파우치,공용,봄/가을
키즈캐리어,유아동잡화>가방>캐리어백,공용,사계절
아동캐리어,유아동잡화>가방>캐리어백,공용,사계절
아동힙색,유아동잡화>가방>크로스백/힙색/슬링백,공용,사계절
아기복주머니,유아동잡화>가방>크로스백/힙색/슬링백,공용,겨울
아기가방,유아동잡화>가방>크로스백/힙색/슬링백,공용,사계절
초등크로스백,유아동잡화>가방>크로스백/힙색/슬링백,주니어,사계절
유아크로스백,유아동잡화>가방>크로스백/힙색/슬링백,공용,사계절
아동크로스백,유아동잡화>가방>크로스백/힙색/슬링백,공용,사계절
키즈크로스백,유아동잡화>가방>크로스백/힙색/슬링백,공용,사계절
여아크로스백,유아동잡화>가방>크로스백/힙색/슬링백,여아,사계절
초등학생크로스백,유아동잡화>가방>크로스백/힙색/슬링백,주니어,사계절
어린이슬링백,유아동잡화>가방>크로스백/힙색/슬링백,공용,사계절
키즈슬링백,유아동잡화>가방>크로스백/힙색/슬링백,공용,사계절
여아가방,유아동잡화>가방>크로스백/힙색/슬링백,여아,사계절
어린이크로스백,유아동잡화>가방>크로스백/힙색/슬링백,공용,사계절
키즈힙색,유아동잡화>가방>크로스백/힙색/슬링백,공용,사계절
초등학생핸드폰가방,유아동잡화>가방>크로스백/힙색/슬링백,주니어,봄/가을
애기가방,유아동잡화>가방>크로스백/힙색/슬링백,공용,사계절
어린이핸드폰가방,유아동잡화>가방>크로스백/힙색/슬링백,여아,사계절
유아발레가방,유아동잡화>가방>토트백/숄더백,공용,사계절
유아귀마개,유아동잡화>귀마개,공용,사계절
여아귀마개,유아동잡화>귀마개,공용,사계절
남아귀마개,유아동잡화>귀마개,공용,사계절
어린이귀마개,유아동잡화>귀마개,공용,겨울
유아귀도리,유아동잡화>귀마개,공용,겨울
키즈귀마개,유아동잡화>귀마개,여아,사계절
아기모자,유아동잡화>모자,공용,사계절
아기바라클라바,유아동잡화>모자,공용,겨울
키즈바라클라바,유아동잡화>모자,공용,겨울
유아바라클라바,유아동잡화>모자,공용,겨울
아기겨울모자,유아동잡화>모자,공용,겨울
어린이바라클라바,유아동잡화>모자,공용,겨울
유아모자,유아동잡화>모자,공용,사계절
키즈모자,유아동잡화>모자,공용,사계절
아기방한모자,유아동잡화>모자,공용,겨울
키즈비니,유아동잡화>모자,공용,사계절
돌아기모자,유아동잡화>모자,공용,사계절
주니어비니,유아동잡화>모자,주니어,겨울
돌아기비니,유아동잡화>모자,공용,사계절
아기캡모자,유아동잡화>모자,공용,사계절
아동버킷햇,유아동잡화>모자,여아,사계절
아동바라클라바,유아동잡화>모자,공용,겨울
유아방한모자,유아동잡화>모자,공용,겨울
애기모자,유아동잡화>모자,공용,사계절
유아겨울모자,유아동잡화>모자,공용,겨울
어린이모자,유아동잡화>모자,공용,사계절
유아털모자,유아동잡화>모자,공용,겨울
백일아기모자,유아동잡화>모자,공용,사계절
어린이겨울모자,유아동잡화>모자,공용,겨울
유아귀달이모자,유아동잡화>모자,공용,겨울
어린이비니,유아동잡화>모자,공용,사계절
아동모자,유아동잡화>모자,공용,사계절
유아캡모자,유아동잡화>모자,공용,사계절
6개월아기모자,유아동잡화>모자,공용,사계절
베이비모자,유아동잡화>모자,공용,사계절
여아모자,유아동잡화>모자,여아,사계절
유아수영모자,유아동잡화>모자,공용,사계절
아동겨울모자,유아동잡화>모자,공용,겨울
유아벙거지,유아동잡화>모자,공용,사계절
아동방한모자,유아동잡화>모자,공용,겨울
아기벙거지모자,유아동잡화>모자,공용,봄/가을
아동비니,유아동잡화>모자,공용,사계절
키즈털모자,유아동잡화>모자,공용,사계절
주니어베레모,유아동잡화>모자,주니어,겨울
유아니트모자,유아동잡화>모자,공용,봄/가을
아기베레모,유아동잡화>모자,공용,겨울
유아밀짚모자,유아동잡화>모자,공용,여름
남자아기모자,유아동잡화>모자,남아,사계절
아기털모자,유아동잡화>모자,공용,겨울
키즈방한모자,유아동잡화>모자,공용,겨울
키즈겨울모자,유아동잡화>모자,공용,겨울
어린이베레모,유아동잡화>모자,공용,사계절
유아베레모,유아동잡화>모자,공용,사계절
유치원모자,유아동잡화>모자,공용,사계절
남아모자,유아동잡화>모자,남아,사계절
주니어모자,유아동잡화>모자,주니어,사계절
아기밀짚모자,유아동잡화>모자,공용,여름
남아비니,유아동잡화>모자,여아,겨울
아동털모자,유아동잡화>모자,공용,봄/가을
키즈버킷햇,유아동잡화>모자,공용,사계절
어린이귀달이모자,유아동잡화>모자,공용,봄/가을
여아비니,유아동잡화>모자,여아,사계절
유아플랩캡,유아동잡화>모자,공용,사계절
키즈베레모,유아동잡화>모자,공용,사계절
영아모자,유아동잡화>모자,공용,봄/가을
유아버킷햇,유아동잡화>모자,공용,사계절
키즈썬캡,유아동잡화>모자,공용,여름
아기썬햇,유아동잡화>모자,공용,여름
유아썬캡,유아동잡화>모자,공용,여름
아기비니,유아동잡화>모자,공용,사계절
아동베레모,유아동잡화>모자,공용,사계절
유아벙거지모자,유아동잡화>모자,공용,사계절
키즈벙거지모자,유아동잡화>모자,공용,사계절
키즈벙거지,유아동잡화>모자,공용,사계절
키즈귀달이모자,유아동잡화>모자,공용,사계절
아기봄모자,유아동잡화>모자,공용,봄/가을
아기여름모자,유아동잡화>모자,공용,여름
아기가을모자,유아동잡화>모자,공용,봄/가을
아기목도리,유아동잡화>목도리,공용,겨울
유아목도리,유아동잡화>목도리,공용,겨울
키즈목도리,유아동잡화>목도리,공용,겨울
아기넥워머,유아동잡화>목도리,공용,겨울
어린이목도리,유아동잡화>목도리,공용,겨울
유아넥워머,유아동잡화>목도리,공용,겨울
아동넥워머,유아동잡화>목도리,공용,겨울
여아목도리,유아동잡화>목도리,공용,봄/가을
키즈머플러,유아동잡화>목도리,공용,봄/가을
아동목도리,유아동잡화>목도리,공용,겨울
키즈넥워머,유아동잡화>목도리,공용,겨울
애기목도리,유아동잡화>목도리,공용,겨울
유아머플러,유아동잡화>목도리,공용,겨울
아동페이크목폴라,유아동잡화>목도리,공용,겨울
돌아기목도리,유아동잡화>목도리,공용,겨울
아기워머,유아동잡화>목도리,남아,사계절
유아멜빵,유아동잡화>벨트/멜빵,공용,사계절
키즈멜빵,유아동잡화>벨트/멜빵,공용,사계절
어린이멜빵,유아동잡화>벨트/멜빵,공용,사계절
아동멜빵,유아동잡화>벨트/멜빵,공용,사계절
유아선글라스,유아동잡화>선글라스,여아,봄/가을
어린이선글라스,유아동잡화>선글라스,공용,봄/가을
키즈선글라스,유아동잡화>선글라스,공용,사계절
주니어선글라스,유아동잡화>선글라스,주니어,여름
아동선글라스,유아동잡화>선글라스,공용,봄/가을
아기썬글라스,유아동잡화>선글라스,공용,사계절
돌아기선글라스,유아동잡화>선글라스,공용,겨울
아기스카프,유아동잡화>스카프,공용,겨울
아동스카프,유아동잡화>스카프,공용,겨울
유아스카프,유아동잡화>스카프,공용,겨울
유아스카프빕,유아동잡화>스카프,공용,사계절
키즈스카프,유아동잡화>스카프,공용,겨울
여아스카프,유아동잡화>스카프,여아,겨울
여아구두,유아동잡화>신발>구두,여아,사계절
아기구두,유아동잡화>신발>구두,공용,사계절
유아구두,유아동잡화>신발>구두,공용,사계절
아기로퍼,유아동잡화>신발>구두,공용,사계절
어린이구두,유아동잡화>신발>구두,공용,사계절
여아신발,유아동잡화>신발>구두,여아,사계절
키즈메리제인,유아동잡화>신발>구두,여아,사계절
키즈구두,유아동잡화>신발>구두,공용,사계절
여아메리제인,유아동잡화>신발>구두,여아,사계절
남아구두,유아동잡화>신발>구두,남아,사계절
여아털구두,유아동잡화>신발>구두,여아,사계절
여아겨울구두,유아동잡화>신발>구두,여아,겨울
키즈로퍼,유아동잡화>신발>구두,공용,사계절
유아메리제인,유아동잡화>신발>구두,공용,사계절
여아LED구두,유아동잡화>신발>구두,공용,사계절
남아로퍼,유아동잡화>신발>구두,남아,사계절
초등여아구두,유아동잡화>신발>구두,주니어,사계절
여아구두브랜드,유아동잡화>신발>구두,여아,사계절
초등학생구두,유아동잡화>신발>구두,주니어,사계절
여자아이구두,유아동잡화>신발>구두,여아,사계절
아동구두,유아동잡화>신발>구두,공용,사계절
주니어구두,유아동잡화>신발>구두,주니어,사계절
메리제인키즈,유아동잡화>신발>구두,공용,사계절
아기단화,유아동잡화>신발>구두,공용,사계절
초등구두,유아동잡화>신발>구두,주니어,사계절
유아털구두,유아동잡화>신발>구두,공용,겨울
여아로퍼,유아동잡화>신발>구두,여아,사계절
아기플랫슈즈,유아동잡화>신발>구두,공용,사계절
아기플랫,유아동잡화>신발>구두,남아,사계절
유아로퍼,유아동잡화>신발>구두,공용,사계절
여아플랫슈즈,유아동잡화>신발>구두,여아,사계절
키즈단화,유아동잡화>신발>구두,공용,사계절
여아단화,유아동잡화>신발>구두,여아,사계절
여자아기구두,유아동잡화>신발>구두,여아,사계절
아동로퍼,유아동잡화>신발>구두,공용,사계절
주니어로퍼,유아동잡화>신발>구두,주니어,사계절
LED구두,유아동잡화>신발>구두,공용,사계절
공주구두,유아동잡화>신발>구두,공용,겨울
돌아기구두,유아동잡화>신발>구두,공용,사계절
유아플랫슈즈,유아동잡화>신발>구두,공용,사계절
키즈플랫슈즈,유아동잡화>신발>구두,공용,사계절
남아단화,유아동잡화>신발>구두,남아,봄/가을
어린이단화,유아동잡화>신발>구두,공용,사계절
유아LED구두,유아동잡화>신발>구두,공용,겨울
여아슈즈,유아동잡화>신발>구두,여아,사계절
여아플랫,유아동잡화>신발>구두,여아,사계절
아동단화,유아동잡화>신발>구두,공용,사계절
연주회구두,유아동잡화>신발>구두,공용,사계절
걸음마신발,유아동잡화>신발>보행기신발,공용,사계절
돌아기신발,유아동잡화>신발>보행기신발,공용,사계절
아기걸음마신발,유아동잡화>신발>보행기신발,공용,사계절
신생아신발,유아동잡화>신발>보행기신발,베이비,사계절
아띠빠스걸음마신발,유아동잡화>신발>보행기신발,공용,사계절
아기운동화130,유아동잡화>신발>보행기신발,공용,사계절
보행기신발,유아동잡화>신발>보행기신발,공용,사계절
아기삑삑이신발,유아동잡화>신발>보행기신발,공용,사계절
돌아기운동화,유아동잡화>신발>보행기신발,공용,사계절
아기신발120,유아동잡화>신발>보행기신발,공용,사계절
보행기화,유아동잡화>신발>보행기신발,공용,사계절
아기보행기신발,유아동잡화>신발>보행기신발,여아,겨울
여자아기신발,유아동잡화>신발>보행기신발,여아,사계절
보행기슈즈,유아동잡화>신발>보행기신발,공용,사계절
6개월아기신발,유아동잡화>신발>보행기신발,공용,사계절
15개월아기신발,유아동잡화>신발>보행기신발,공용,사계절
뽁뽁이신발,유아동잡화>신발>보행기신발,공용,사계절
첫걸음마신발,유아동잡화>신발>보행기신발,공용,봄/가을
아기첫걸음마신발,유아동잡화>신발>보행기신발,공용,겨울
어그키즈,유아동잡화>신발>부츠/털신,공용,겨울
키즈부츠,유아동잡화>신발>부츠/털신,공용,겨울
키즈어그,유아동잡화>신발>부츠/털신,공용,겨울
키즈방한부츠,유아동잡화>신발>부츠/털신,공용,겨울
키즈방한화,유아동잡화>신발>부츠/털신,공용,겨울
키즈패딩부츠,유아동잡화>신발>부츠/털신,공용,겨울
유아부츠,유아동잡화>신발>부츠/털신,공용,겨울
아기부츠,유아동잡화>신발>부츠/털신,공용,사계절
여아부츠,유아동잡화>신발>부츠/털신,여아,겨울
아기어그,유아동잡화>신발>부츠/털신,공용,겨울
유아방한부츠,유아동잡화>신발>부츠/털신,공용,겨울
키즈어그부츠,유아동잡화>신발>부츠/털신,공용,겨울
아동부츠,유아동잡화>신발>부츠/털신,공용,겨울
아기어그부츠,유아동잡화>신발>부츠/털신,공용,겨울
어린이부츠,유아동잡화>신발>부츠/털신,공용,사계절
유아패딩부츠,유아동잡화>신발>부츠/털신,공용,겨울
아기방한부츠,유아동잡화>신발>부츠/털신,공용,겨울
아기겨울신발,유아동잡화>신발>부츠/털신,공용,겨울
아기털부츠,유아동잡화>신발>부츠/털신,공용,겨울
아동첼시부츠,유아동잡화>신발>부츠/털신,공용,봄/가을
아동롱부츠,유아동잡화>신발>부츠/털신,공용,사계절
유아어그,유아동잡화>신발>부츠/털신,공용,겨울
키즈방수부츠,유아동잡화>신발>부츠/털신,공용,봄/가을
어그부츠키즈,유아동잡화>신발>부츠/털신,공용,겨울
유아어그부츠,유아동잡화>신발>부츠/털신,공용,겨울
어린이방한부츠,유아동잡화>신발>부츠/털신,공용,겨울
아동방한부츠,유아동잡화>신발>부츠/털신,공용,겨울
주니어부츠,유아동잡화>신발>부츠/털신,주니어,겨울
유아털부츠,유아동잡화>신발>부츠/털신,공용,겨울
크록스털신키즈,유아동잡화>신발>부츠/털신,공용,겨울
여아털크록스,유아동잡화>신발>부츠/털신,공용,사계절
크록스키즈털신,유아동잡화>신발>부츠/털신,공용,겨울
겨울크록스키즈,유아동잡화>신발>부츠/털신,공용,겨울
크록스키즈겨울,유아동잡화>신발>부츠/털신,공용,겨울
여아방한부츠,유아동잡화>신발>부츠/털신,여아,겨울
어그베이비,유아동잡화>신발>부츠/털신,공용,겨울
아동방한화,유아동잡화>신발>부츠/털신,공용,겨울
유아방한화,유아동잡화>신발>부츠/털신,공용,겨울
키즈털부츠,유아동잡화>신발>부츠/털신,공용,겨울
어그키즈부츠,유아동잡화>신발>부츠/털신,공용,사계절
남아부츠,유아동잡화>신발>부츠/털신,남아,겨울
주니어어그부츠,유아동잡화>신발>부츠/털신,주니어,겨울
주니어방한화,유아동잡화>신발>부츠/털신,주니어,겨울
크록스키즈털,유아동잡화>신발>부츠/털신,공용,겨울
키즈털슬리퍼,유아동잡화>신발>부츠/털신,공용,겨울
베이비어그,유아동잡화>신발>부츠/털신,공용,사계절
초등부츠,유아동잡화>신발>부츠/털신,주니어,겨울
키즈패딩슈즈,유아동잡화>신발>부츠/털신,공용,겨울
키즈털신발,유아동잡화>신발>부츠/털신,공용,겨울
아동패딩부츠,유아동잡화>신발>부츠/털신,공용,겨울
키즈겨울부츠,유아동잡화>신발>부츠/털신,공용,겨울
키즈겨울신발,유아동잡화>신발>부츠/털신,공용,겨울
어린이어그부츠,유아동잡화>신발>부츠/털신,공용,겨울
아동털신,유아동잡화>신발>부츠/털신,공용,겨울
유아털신발,유아동잡화>신발>부츠/털신,공용,겨울
어그슬리퍼키즈,유아동잡화>신발>부츠/털신,공용,겨울
어린이패딩부츠,유아동잡화>신발>부츠/털신,공용,겨울
아기겨울부츠,유아동잡화>신발>부츠/털신,공용,겨울
유아겨울신발,유아동잡화>신발>부츠/털신,공용,겨울
초등여아부츠,유아동잡화>신발>부츠/털신,주니어,겨울
아동어그부츠,유아동잡화>신발>부츠/털신,공용,겨울
여아털부츠,유아동잡화>신발>부츠/털신,여아,겨울
어그키즈슬리퍼,유아동잡화>신발>부츠/털신,공용,사계절
아동어그,유아동잡화>신발>부츠/털신,공용,겨울
초등방한부츠,유아동잡화>신발>부츠/털신,주니어,겨울
유아겨울부츠,유아동잡화>신발>부츠/털신,공용,겨울
초등학생부츠,유아동잡화>신발>부츠/털신,주니어,겨울
어린이방수부츠,유아동잡화>신발>부츠/털신,공용,봄/가을
크록스털키즈,유아동잡화>신발>부츠/털신,공용,겨울
어린이겨울부츠,유아동잡화>신발>부츠/털신,공용,겨울
여아어그부츠,유아동잡화>신발>부츠/털신,여아,겨울
아동털부츠,유아동잡화>신발>부츠/털신,공용,겨울
남아패딩부츠,유아동잡화>신발>부츠/털신,공용,사계절
아동털슬리퍼,유아동잡화>신발>부츠/털신,공용,겨울
여아겨울부츠,유아동잡화>신발>부츠/털신,여아,겨울
여아롱부츠,유아동잡화>신발>부츠/털신,여아,겨울
여아겨울신발,유아동잡화>신발>부츠/털신,여아,겨울
남아방한부츠,유아동잡화>신발>부츠/털신,남아,겨울
유아털크록스,유아동잡화>신발>부츠/털신,남아,겨울
어린이털슬리퍼,유아동잡화>신발>부츠/털신,공용,겨울
어린이털부츠,유아동잡화>신발>부츠/털신,공용,겨울
초등방한화,유아동잡화>신발>부츠/털신,주니어,겨울
LED부츠,유아동잡화>신발>부츠/털신,공용,사계절
키즈크록스털,유아동잡화>신발>부츠/털신,공용,사계절
아동겨울부츠,유아동잡화>신발>부츠/털신,공용,겨울
키즈워커,유아동잡화>신발>부츠/털신,공용,겨울
키즈털신,유아동잡화>신발>부츠/털신,공용,겨울
유아털신,유아동잡화>신발>부츠/털신,공용,겨울
초등패딩부츠,유아동잡화>신발>부츠/털신,주니어,봄/가을
크록스부츠키즈,유아동잡화>신발>부츠/털신,공용,사계절
크록스키즈부츠,유아동잡화>신발>부츠/털신,공용,겨울
베이비부츠,유아동잡화>신발>부츠/털신,남아,사계절
아동겨울신발,유아동잡화>신발>부츠/털신,공용,겨울
초등어그부츠,유아동잡화>신발>부츠/털신,주니어,겨울
아기털크록스,유아동잡화>신발>부츠/털신,공용,사계절
키즈겨울크록스,유아동잡화>신발>부츠/털신,여아,봄/가을
어그키즈사이즈,유아동잡화>신발>부츠/털신,공용,겨울
아동워커,유아동잡화>신발>부츠/털신,공용,사계절
아동겨울크록스,유아동잡화>신발>부츠/털신,공용,겨울
크록스키즈,유아동잡화>신발>샌들,공용,여름
털크록스키즈,유아동잡화>신발>샌들,공용,겨울
키즈크록스,유아동잡화>신발>샌들,공용,여름
키즈털크록스,유아동잡화>신발>샌들,공용,겨울
아기샌들,유아동잡화>신발>샌들,공용,여름
아기크록스,유아동잡화>신발>샌들,공용,여름
유아크록스사이즈,유아동잡화>신발>샌들,공용,여름
아기크록스사이즈,유아동잡화>신발>샌들,공용,여름
크록스키즈털슬리퍼,유아동잡화>신발>샌들,공용,사계절
유아슬리퍼,유아동잡화>신발>샌들,공용,사계절
키즈샌들,유아동잡화>신발>샌들,공용,여름
키즈슬리퍼,유아동잡화>신발>샌들,공용,사계절
유아크록스,유아동잡화>신발>샌들,공용,여름
어린이슬리퍼,유아동잡화>신발>샌들,공용,사계절
크록스키즈사이즈,유아동잡화>신발>샌들,공용,여름
유아샌들,유아동잡화>신발>샌들,공용,여름
아동슬리퍼,유아동잡화>신발>샌들,공용,사계절
여아샌들,유아동잡화>신발>샌들,여아,여름
크록스주니어,유아동잡화>신발>샌들,주니어,여름
아동크록스,유아동잡화>신발>샌들,공용,여름
어린이크록스,유아동잡화>신발>샌들,공용,여름
크록스아동,유아동잡화>신발>샌들,공용,여름
아동샌들,유아동잡화>신발>샌들,공용,여름
여아크록스,유아동잡화>신발>샌들,여아,여름
주니어샌들,유아동잡화>신발>샌들,주니어,여름
크록스유아,유아동잡화>신발>샌들,공용,여름
아동털크록스,유아동잡화>신발>샌들,공용,봄/가을
주니어크록스,유아동잡화>신발>샌들,주니어,여름
돌아기크록스,유아동잡화>신발>샌들,공용,여름
크록스키즈화이트,유아동잡화>신발>샌들,공용,여름
키즈겨울슬리퍼,유아동잡화>신발>슬리퍼,공용,겨울
여아슬리퍼,유아동잡화>신발>슬리퍼,여아,사계절
아동겨울슬리퍼,유아동잡화>신발>슬리퍼,여아,겨울
주니어슬리퍼,유아동잡화>신발>슬리퍼,주니어,사계절
남아슬리퍼,유아동잡화>신발>슬리퍼,공용,여름
유치원실내화,유아동잡화>신발>실내화,공용,사계절
초등실내화,유아동잡화>신발>실내화,주니어,사계절
초등학교실내화,유아동잡화>신발>실내화,주니어,사계절
초등학생실내화,유아동잡화>신발>실내화,주니어,사계절
유아실내화,유아동잡화>신발>실내화,공용,사계절
어린이실내화,유아동잡화>신발>실내화,공용,사계절
아기실내화,유아동잡화>신발>실내화,공용,사계절
아동실내화,유아동잡화>신발>실내화,공용,사계절
아기층간소음실내화,유아동잡화>신발>실내화,공용,사계절
키즈실내화,유아동잡화>신발>실내화,공용,사계절
아기슬리퍼,유아동잡화>신발>실내화,공용,사계절
유아덧신,유아동잡화>신발>실내화,공용,겨울
유치원덧신,유아동잡화>신발>실내화,여아,겨울
여아실내화,유아동잡화>신발>실내화,여아,사계절
어린이실내슬리퍼,유아동잡화>신발>실내화,공용,사계절
유아실내슬리퍼,유아동잡화>신발>실내화,공용,사계절
어린이거실화,유아동잡화>신발>실내화,공용,겨울
유아층간소음슬리퍼,유아동잡화>신발>실내화,공용,사계절
초등털실내화,유아동잡화>신발>실내화,주니어,사계절
유아털실내화,유아동잡화>신발>실내화,공용,겨울
어린이덧신,유아동잡화>신발>실내화,여아,봄/가을
아동덧신,유아동잡화>신발>실내화,공용,사계절
유아층간소음실내화,유아동잡화>신발>실내화,공용,봄/가을
아동거실화,유아동잡화>신발>실내화,공용,사계절
아동털실내화,유아동잡화>신발>실내화,공용,겨울
아동실내슬리퍼,유아동잡화>신발>실내화,공용,사계절
어린이층간소음실내화,유아동잡화>신발>실내화,공용,사계절
어린이아쿠아슈즈,유아동잡화>신발>아쿠아슈즈,공용,사계절
아기아쿠아슈즈,유아동잡화>신발>아쿠아슈즈,공용,사계절
키즈아쿠아슈즈,유아동잡화>신발>아쿠아슈즈,공용,사계절
유아아쿠아슈즈,유아동잡화>신발>아쿠아슈즈,공용,사계절
아동아쿠아슈즈,유아동잡화>신발>아쿠아슈즈,공용,사계절
유아LED운동화,유아동잡화>신발>운동화,공용,사계절
여아LED운동화,유아동잡화>신발>운동화,여아,사계절
LED운동화,유아동잡화>신발>운동화,공용,사계절
아기신발,유아동잡화>신발>운동화,공용,사계절
키즈운동화,유아동잡화>신발>운동화,공용,사계절
키즈하이탑,유아동잡화>신발>운동화,공용,사계절
아기운동화,유아동잡화>신발>운동화,공용,사계절
여아운동화,유아동잡화>신발>운동화,여아,사계절
키즈신발,유아동잡화>신발>운동화,공용,사계절
유아신발,유아동잡화>신발>운동화,공용,사계절
유아운동화,유아동잡화>신발>운동화,공용,사계절
애기신발,유아동잡화>신발>운동화,공용,사계절
초등학생운동화,유아동잡화>신발>운동화,주니어,사계절
주니어운동화,유아동잡화>신발>운동화,주니어,사계절
유아찍찍이운동화,유아동잡화>신발>운동화,공용,봄/가을
운동화210,유아동잡화>신발>운동화,공용,사계절
210운동화,유아동잡화>신발>운동화,공용,사계절
운동화220,유아동잡화>신발>운동화,공용,사계절
여자아이운동화,유아동잡화>신발>운동화,여아,사계절
어린이운동화,유아동잡화>신발>운동화,공용,사계절
초등운동화,유아동잡화>신발>운동화,주니어,사계절
아동운동화,유아동잡화>신발>운동화,공용,사계절
아기신발브랜드,유아동잡화>신발>운동화,공용,사계절
유아풋살화,유아동잡화>신발>운동화,공용,사계절
초등여아운동화,유아동잡화>신발>운동화,주니어,사계절
어린이신발,유아동잡화>신발>운동화,공용,사계절
유아축구화,유아동잡화>신발>운동화,공용,사계절
아동신발,유아동잡화>신발>운동화,공용,사계절
남아운동화,유아동잡화>신발>운동화,남아,사계절
초등학생신발,유아동잡화>신발>운동화,주니어,사계절
키즈슬립온,유아동잡화>신발>운동화,공용,사계절
아기신발140,유아동잡화>신발>운동화,공용,사계절
LED신발,유아동잡화>신발>운동화,공용,사계절
아기돌신발,유아동잡화>신발>운동화,공용,사계절
유아슈즈,유아동잡화>신발>운동화,공용,사계절
베이비운동화,유아동잡화>신발>운동화,공용,사계절
키즈겨울운동화,유아동잡화>신발>운동화,공용,겨울
아동화,유아동잡화>신발>운동화,공용,사계절
초등남아운동화,유아동잡화>신발>운동화,주니어,사계절
아이신발,유아동잡화>신발>운동화,공용,사계절
주니어신발,유아동잡화>신발>운동화,주니어,사계절
아기신발150,유아동잡화>신발>운동화,공용,사계절
남아신발,유아동잡화>신발>운동화,남아,사계절
초등신발,유아동잡화>신발>운동화,주니어,사계절
키즈스니커즈,유아동잡화>신발>운동화,공용,사계절
아이운동화,유아동잡화>신발>운동화,공용,사계절
키즈털운동화,유아동잡화>신발>운동화,공용,겨울
초등여아신발,유아동잡화>신발>운동화,주니어,사계절
운동화키즈,유아동잡화>신발>운동화,공용,사계절
유아슬립온,유아동잡화>신발>운동화,공용,사계절
초등고학년운동화,유아동잡화>신발>운동화,주니어,사계절
베이비슈즈,유아동잡화>신발>운동화,공용,사계절
여아슬립온,유아동잡화>신발>운동화,여아,사계절
여자아이신발,유아동잡화>신발>운동화,여아,사계절
유아단화,유아동잡화>신발>운동화,공용,사계절
아기스니커즈,유아동잡화>신발>운동화,공용,겨울
유아스니커즈,유아동잡화>신발>운동화,공용,사계절
아동슬립온,유아동잡화>신발>운동화,공용,사계절
키즈여아운동화,유아동잡화>신발>운동화,여아,사계절
여아스니커즈,유아동잡화>신발>운동화,여아,사계절
5세운동화,유아동잡화>신발>운동화,공용,사계절
쥬니어운동화,유아동잡화>신발>운동화,공용,사계절
주니어슬립온,유아동잡화>신발>운동화,주니어,사계절
키즈슈즈,유아동잡화>신발>운동화,공용,사계절
어린이슬립온,유아동잡화>신발>운동화,공용,사계절
유아털운동화,유아동잡화>신발>운동화,공용,겨울
아동털운동화,유아동잡화>신발>운동화,여아,봄/가을
아기찍찍이운동화,유아동잡화>신발>운동화,여아,겨울
7세운동화,유아동잡화>신발>운동화,공용,사계절
남아슬립온,유아동잡화>신발>운동화,공용,사계절
초등슬립온,유아동잡화>신발>운동화,주니어,사계절
아동스니커즈,유아동잡화>신발>운동화,공용,사계절
주니어스니커즈,유아동잡화>신발>운동화,주니어,사계절
아기봄신발,유아동잡화>신발>운동화,공용,봄/가을
아기봄운동화,유아동잡화>신발>운동화,공용,봄/가을
아기가을운동화,유아동잡화>신발>운동화,공용,봄/가을
아기슬립온,유아동잡화>신발>운동화,공용,봄/가을
키즈털슬립온,유아동잡화>신발>운동화,공용,겨울
유아장화,유아동잡화>신발>장화,공용,사계절
아기장화,유아동잡화>신발>장화,공용,사계절
어린이장화,유아동잡화>신발>장화,공용,사계절
키즈장화,유아동잡화>신발>장화,공용,사계절
키즈레인부츠,유아동잡화>신발>장화,공용,사계절
아기레인부츠,유아동잡화>신발>장화,공용,사계절
아동장화,유아동잡화>신발>장화,공용,사계절
유아레인부츠,유아동잡화>신발>장화,공용,사계절
여아장화,유아동잡화>신발>장화,여아,사계절
아동레인부츠,유아동잡화>신발>장화,공용,사계절
초등학생장화,유아동잡화>신발>장화,주니어,사계절
어린이가슴장화,유아동잡화>신발>장화,공용,봄/가을
여아젤리슈즈,유아동잡화>신발>젤리슈즈,여아,여름
유아젤리슈즈,유아동잡화>신발>젤리슈즈,공용,여름
아기젤리슈즈,유아동잡화>신발>젤리슈즈,공용,여름
키즈젤리슈즈,유아동잡화>신발>젤리슈즈,공용,여름
미술가운,유아동잡화>앞치마/토시/두건,공용,사계절
아기미술가운,유아동잡화>앞치마/토시/두건,공용,사계절
아기앞치마,유아동잡화>앞치마/토시/두건,공용,사계절
유아미술가운,유아동잡화>앞치마/토시/두건,공용,사계절
유아앞치마,유아동잡화>앞치마/토시/두건,공용,사계절
어린이앞치마,유아동잡화>앞치마/토시/두건,공용,사계절
전신미술가운,유아동잡화>앞치마/토시/두건,공용,사계절
아기앞치마두건,유아동잡화>앞치마/토시/두건,공용,사계절
유아미술앞치마,유아동잡화>앞치마/토시/두건,공용,사계절
아동앞치마,유아동잡화>앞치마/토시/두건,공용,사계절
유아앞치마세트,유아동잡화>앞치마/토시/두건,공용,사계절
키즈앞치마,유아동잡화>앞치마/토시/두건,공용,사계절
어린이미술앞치마,유아동잡화>앞치마/토시/두건,공용,사계절
유아방수앞치마,유아동잡화>앞치마/토시/두건,공용,사계절
초등학생앞치마,유아동잡화>앞치마/토시/두건,주니어,사계절
숲체험옷,유아동잡화>앞치마/토시/두건,공용,여름
아기양말,유아동잡화>양말,공용,사계절
아기풋워머,유아동잡화>양말,공용,겨울
유아양말,유아동잡화>양말,공용,사계절
어린이양말,유아동잡화>양말,공용,사계절
키즈양말,유아동잡화>양말,공용,사계절
아동양말,유아동잡화>양말,공용,사계절
아기니삭스,유아동잡화>양말,공용,봄/가을
아기수면양말,유아동잡화>양말,공용,겨울
주니어양말,유아동잡화>양말,주니어,사계절
초등양말,유아동잡화>양말,주니어,사계절
아기겨울양말,유아동잡화>양말,공용,겨울
신생아니삭스,유아동잡화>양말,베이비,봄/가을
여아양말,유아동잡화>양말,여아,사계절
초등학생양말,유아동잡화>양말,주니어,사계절
유아미끄럼방지양말,유아동잡화>양말,공용,사계절
돌아기양말,유아동잡화>양말,공용,사계절
아기덧신,유아동잡화>양말,공용,사계절
아기양말세트,유아동잡화>양말,공용,사계절
유아수면양말,유아동잡화>양말,공용,겨울
남아양말,유아동잡화>양말,남아,사계절
유아양말세트,유아동잡화>양말,공용,사계절
어린이수면양말,유아동잡화>양말,공용,겨울
아기양말브랜드,유아동잡화>양말,공용,사계절
유아겨울양말,유아동잡화>양말,공용,겨울
백일아기양말,유아동잡화>양말,공용,사계절
유아니삭스,유아동잡화>양말,공용,봄/가을
어린이집양말,유아동잡화>양말,남아,사계절
아기레이스양말,유아동잡화>양말,공용,겨울
키즈수면양말,유아동잡화>양말,공용,겨울
초등남아양말,유아동잡화>양말,주니어,사계절
여자아기양말,유아동잡화>양말,여아,사계절
아동수면양말,유아동잡화>양말,공용,겨울
초등여아양말,유아동잡화>양말,주니어,사계절
여아니삭스,유아동잡화>양말,여아,사계절
키즈겨울양말,유아동잡화>양말,공용,겨울
영아양말,유아동잡화>양말,공용,사계절
아기반스타킹,유아동잡화>양말,공용,봄/가을
아동미끄럼방지양말,유아동잡화>양말,공용,사계절
아동겨울양말,유아동잡화>양말,공용,겨울
여아반타이즈,유아동잡화>양말,여아,봄/가을
아기여름양말,유아동잡화>양말,공용,사계절
키즈니삭스,유아동잡화>양말,공용,봄/가을
아동니삭스,유아동잡화>양말,공용,봄/가을
여아레이스양말,유아동잡화>양말,여아,사계절
어린이니삭스,유아동잡화>양말,공용,봄/가을
아동양말세트,유아동잡화>양말,공용,사계절
아기반양말,유아동잡화>양말,공용,봄/가을
베이비니삭스,유아동잡화>양말,공용,봄/가을
키즈삭스,유아동잡화>양말,공용,사계절
아기크리스마스양말,유아동잡화>양말,공용,겨울
유아반스타킹,유아동잡화>양말,공용,사계절
초등니삭스,유아동잡화>양말,주니어,봄/가을
유아긴양말,유아동잡화>양말,공용,봄/가을
여아반스타킹,유아동잡화>양말,여아,봄/가을
유아레이스양말,유아동잡화>양말,공용,사계절
유아반양말,유아동잡화>양말,공용,봄/가을
여아반양말,유아동잡화>양말,여아,사계절
어린이우산,유아동잡화>우산,공용,사계절
아기우산,유아동잡화>우산,공용,사계절
유아우산,유아동잡화>우산,공용,사계절
초등우산,유아동잡화>우산,주니어,사계절
키즈우산,유아동잡화>우산,공용,사계절
아동우산,유아동잡화>우산,공용,사계절
아기장갑,유아동잡화>장갑,공용,사계절
유아장갑,유아동잡화>장갑,공용,사계절
어린이장갑,유아동잡화>장갑,공용,사계절
유아방수장갑,유아동잡화>장갑,공용,사계절
키즈장갑,유아동잡화>장갑,공용,사계절
아동장갑,유아동잡화>장갑,공용,사계절
유아방한장갑,유아동잡화>장갑,공용,겨울
유아패딩장갑,유아동잡화>장갑,공용,겨울
초등학생장갑,유아동잡화>장갑,주니어,겨울
초등장갑,유아동잡화>장갑,주니어,봄/가을
주니어장갑,유아동잡화>장갑,주니어,겨울
어린이스키장갑,유아동잡화>장갑,공용,봄/가을
아동스키장갑,유아동잡화>장갑,공용,겨울
두돌아기장갑,유아동잡화>장갑,남아,사계절
유아스키장갑,유아동잡화>장갑,공용,겨울
키즈스키장갑,유아동잡화>장갑,공용,겨울
유아벙어리장갑,유아동잡화>장갑,공용,사계절
여아장갑,유아동잡화>장갑,여아,사계절
아이장갑,유아동잡화>장갑,공용,겨울
아동방한장갑,유아동잡화>장갑,공용,봄/가을
초등여아장갑,유아동잡화>장갑,주니어,사계절
아기방한장갑,유아동잡화>장갑,공용,겨울
어린이지갑,유아동잡화>지갑,공용,봄/가을
여아팬티스타킹,유아동잡화>타이즈,공용,사계절
아기타이즈,유아동잡화>타이즈,공용,사계절
아기스타킹,유아동잡화>타이즈,공용,사계절
유아타이즈,유아동잡화>타이즈,공용,사계절
유아스타킹,유아동잡화>타이즈,공용,사계절
여아스타킹,유아동잡화>타이즈,여아,사계절
여아타이즈,유아동잡화>타이즈,여아,사계절
여아기모타이즈,유아동잡화>타이즈,여아,겨울
유아기모타이즈,유아동잡화>타이즈,공용,겨울
여아기모스타킹,유아동잡화>타이즈,여아,겨울
어린이스타킹,유아동잡화>타이즈,공용,사계절
아동타이즈,유아동잡화>타이즈,공용,사계절
어린이타이즈,유아동잡화>타이즈,공용,사계절
유아기모스타킹,유아동잡화>타이즈,공용,겨울
키즈타이즈,유아동잡화>타이즈,공용,사계절
키즈스타킹,유아동잡화>타이즈,공용,사계절
돌아기스타킹,유아동잡화>타이즈,공용,사계절
돌아기타이즈,유아동잡화>타이즈,공용,사계절
주니어스타킹,유아동잡화>타이즈,주니어,사계절
아동스타킹,유아동잡화>타이즈,공용,사계절
아기겨울타이즈,유아동잡화>타이즈,공용,겨울
초등타이즈,유아동잡화>타이즈,주니어,사계절
아동기모타이즈,유아동잡화>타이즈,공용,겨울
여아겨울타이즈,유아동잡화>타이즈,공용,사계절
주니어타이즈,유아동잡화>타이즈,주니어,사계절
초등학생스타킹,유아동잡화>타이즈,주니어,사계절
유아무발타이즈,유아동잡화>타이즈,공용,사계절
초등학생타이즈,유아동잡화>타이즈,주니어,사계절
유아머리끈,유아동잡화>헤어액세서리>헤어끈,공용,사계절
여아머리끈,유아동잡화>헤어액세서리>헤어끈,공용,겨울
아기머리끈,유아동잡화>헤어액세서리>헤어끈,공용,사계절
어린이머리끈,유아동잡화>헤어액세서리>헤어끈,남아,봄/가을
아기헤어밴드,유아동잡화>헤어액세서리>헤어밴드,공용,사계절
유아머리띠,유아동잡화>헤어액세서리>헤어밴드,공용,사계절
어린이머리띠,유아동잡화>헤어액세서리>헤어밴드,공용,봄/가을
아기레이스헤어밴드,유아동잡화>헤어액세서리>헤어밴드,여아,사계절
남아헤어밴드,유아동잡화>헤어액세서리>헤어밴드,여아,겨울
유아헤어밴드,유아동잡화>헤어액세서리>헤어밴드,공용,사계절
여자아기헤어밴드,유아동잡화>헤어액세서리>헤어밴드,여아,사계절
여아헤어밴드,유아동잡화>헤어액세서리>헤어밴드,여아,사계절
어린이헤어밴드,유아동잡화>헤어액세서리>헤어밴드,공용,사계절
키즈헤어밴드,유아동잡화>헤어액세서리>헤어밴드,공용,사계절
초등학생머리띠,유아동잡화>헤어액세서리>헤어밴드,주니어,사계절
아동머리띠,유아동잡화>헤어액세서리>헤어밴드,공용,사계절
유아왕관머리띠,유아동잡화>헤어액세서리>헤어밴드,공용,사계절
아기머리띠,유아동잡화>헤어액세서리>헤어밴드,공용,겨울
돌아기머리띠,유아동잡화>헤어액세서리>헤어밴드,공용,사계절
공주머리띠,유아동잡화>헤어액세서리>헤어밴드,공용,사계절
여아머리띠,유아동잡화>헤어액세서리>헤어밴드,공용,겨울
여자아이머리띠,유아동잡화>헤어액세서리>헤어밴드,여아,사계절
유아머리핀,유아동잡화>헤어액세서리>헤어핀,공용,사계절
유아헤어핀,유아동잡화>헤어액세서리>헤어핀,공용,사계절
아기헤어핀,유아동잡화>헤어액세서리>헤어핀,공용,사계절
아기핀,유아동잡화>헤어액세서리>헤어핀,공용,사계절
여아헤어핀,유아동잡화>헤어액세서리>헤어핀,여아,사계절
유아핀,유아동잡화>헤어액세서리>헤어핀,공용,사계절
어린이머리핀,유아동잡화>헤어액세서리>헤어핀,공용,사계절
유아리본핀,유아동잡화>헤어액세서리>헤어핀,공용,사계절
여아삔,유아동잡화>헤어액세서리>헤어핀,공용,겨울
아기집게핀,유아동잡화>헤어액세서리>헤어핀,공용,사계절
아기똑딱핀,유아동잡화>헤어액세서리>헤어핀,공용,사계절
여아머리핀,유아동잡화>헤어액세서리>헤어핀,여아,사계절
여아리본핀,유아동잡화>헤어액세서리>헤어핀,여아,사계절
여아핀,유아동잡화>헤어액세서리>헤어핀,여아,사계절
어린이헤어핀,유아동잡화>헤어액세서리>헤어핀,공용,사계절
아동머리핀,유아동잡화>헤어액세서리>헤어핀,공용,사계절
아기삔,유아동잡화>헤어액세서리>헤어핀,공용,사계절
유아삔,유아동잡화>헤어액세서리>헤어핀,공용,사계절
아동헤어핀,유아동잡화>헤어액세서리>헤어핀,여아,겨울
아기머리핀,유아동잡화>헤어액세서리>헤어핀,공용,사계절
어린이집낮잠이불,유아침구>낮잠이불,공용,사계절
낮잠이불,유아침구>낮잠이불,공용,사계절
낮잠이불가방,유아침구>낮잠이불,공용,사계절
어린이집낮잠이불세트,유아침구>낮잠이불,공용,사계절
유아쇼핑몰,이유식용품>턱받이,공용,사계절
유아턱받이,이유식용품>턱받이,공용,사계절
아기스카프빕,이유식용품>턱받이,공용,사계절
호박LED,인테리어소품>조명>인테리어조명,공용,사계절
자동차우산,자동차용품>수납용품>차량용우산걸이,공용,사계절
어린이무릎보호대,자전거>자전거용품>보호대,공용,봄/가을
자전거보호대,자전거>자전거용품>보호대,공용,사계절
킥보드보호대,자전거>자전거용품>보호대,공용,사계절
어린이축구유니폼,축구>축구의류>축구유니폼,공용,사계절
키즈축구복,축구>축구의류>축구유니폼,공용,사계절
어린이축구화,축구>축구화,공용,사계절
키즈축구화,축구>축구화,공용,사계절
초등학생축구화,축구>축구화,주니어,사계절
아동축구화,축구>축구화,공용,사계절
주니어축구화,축구>축구화,주니어,사계절
어린이풋살화,축구>풋살화,공용,사계절
주니어풋살화,축구>풋살화,주니어,사계절
아동풋살화,축구>풋살화,공용,사계절
유소년풋살화,축구>풋살화,공용,사계절
어린이집졸업선물,출산/돌기념품>돌잔치용품>답례품,공용,겨울
무릎담요,침구단품>무릎담요,공용,겨울
어린이침낭,캠핑>침낭,공용,사계절
입는침낭,캠핑>침낭,공용,사계절
키즈침낭,캠핑>침낭,공용,사계절
유아침낭,캠핑>침낭,공용,사계절
아기침낭,캠핑>침낭,공용,사계절
아동침낭,캠핑>침낭,공용,사계절
유치원앞치마,홈데코>주방데코>앞치마,여아,겨울
어린이집앞치마쇼핑몰,홈데코>주방데코>앞치마,여아,사계절
